Emily Davis,0.0,3900.0,HR
David Wilson,0.0,4400.0,DEVOPS
Sarah Thompson,0.0,3500.0,FINANCE
Matthew Harris,0.0,4100.0,HR
Jessica Martinez,0.0,3600.0,DEVOPS
Daniel Robinson,0.0,3000.0,FINANCE
Olivia Taylor,0.0,3800.0,HR
Christopher Walker,0.0,4300.0,DEVOPS
Sophia Thomas,0.0,3200.0,FINANCE
James White,0.0,4000.0,HR
Ava Garcia,0.0,3700.0,DEVOPS
Daniel Brown,0.0,3100.0,FINANCE
Mia Lee,0.0,4200.0,HR
Ethan Green,0.0,3900.0,DEVOPS
Amelia Clark,0.0,3400.0,FINANCE
Alexander Baker,0.0,3800.0,HR
Sophia Rodriguez,0.0,4322200.0,DEVOPS
Ethan Adams,0.0,3300.0,FINANCE
Emily Campbell,0.0,4000.0,HR
William Martinez,0.0,3900.0,DEVOPS
Grace Wright,0.0,3100.0,FINANCE
Daniel Anderson,0.0,3900.0,HR
Emma Mitchell,0.0,4000.0,DEVOPS
Benjamin Bell,0.0,3200.0,FINANCE
Abigail King,0.0,3800.0,HR
Joshua Turner,0.0,4100.0,DEVOPS
Sofia Hill,0.0,3500.0,FINANCE
Samuel Cooper,0.0,4000.0,HR
Avery Scott,0.0,3700.0,DEVOPS
Victoria Reed,0.0,3300.0,FINANCE
Joseph Johnson,0.0,4100.0,HR
Ella Morris,0.0,3600.0,DEVOPS
Henry Peterson,0.0,3200.0,FINANCE
Lillian Bailey,0.0,3900.0,HR
Jackson Rogers,0.0,4200.0,DEVOPS
Elizabeth Cook,0.0,3400.0,FINANCE
Andrew Bennett,0.0,4000.0,HR
Madison Adams,0.0,3800.0,DEVOPS
Samuel Foster,0.0,3100.0,FINANCE
Scarlett Wright,0.0,4000.0,HR
David Turner,0.0,3900.0,DEVOPS
Natalie Thompson,0.0,3300.0,FINANCE
Sebastian Walker,0.0,4100.0,HR
Aria Hall,0.0,3600.0,DEVOPS
Michael Phillips,0.0,3200.0,FINANCE
Chloe Butler,0.0,3900.0,HR
Andrew Young,0.0,4200.0,DEVOPS
Grace Hill,0.0,3400.0,FINANCE
Ryan James,0.0,4100.0,HR
Samantha Wright,0.0,3700.0,DEVOPS
Jonathan Morgan,0.0,3300.0,FINANCE
Hailey Reed,0.0,3800.0,HR
Nathan Gray,0.0,4200.0,DEVOPS
Lily Stewart,0.0,3200.0,FINANCE
Ryan Adams,0.0,4000.0,HR
Samantha Phillips,0.0,3800.0,DEVOPS
Christopher Turner,0.0,3100.0,FINANCE
Madison Cooper,0.0,3900.0,HR
Henry Wilson,0.0,4300.0,DEVOPS
Victoria Harris,0.0,3300.0,FINANCE
Gabriel Thompson,0.0,4100.0,HR
Evelyn Martinez,0.0,3700.0,DEVOPS
Jonathan Robinson,0.0,3200.0,FINANCE
Charlotte Davis,0.0,3900.0,HR
Daniel Garcia,0.0,4000.0,DEVOPS
Olivia Wright,0.0,3400.0,FINANCE
Samuel Baker,0.0,3800.0,HR
Sophia Adams,0.0,4200.0,DEVOPS
William Green,0.0,3300.0,FINANCE
Ava Clark,0.0,4000.0,HR
Joseph Rodriguez,0.0,3900.0,DEVOPS
Abigail Turner,0.0,3200.0,FINANCE
Noah White,0.0,4000.0,HR
Emily Wilson,0.0,3700.0,DEVOPS
James Foster,0.0,3300.0,FINANCE
Sophia Bell,0.0,4100.0,HR
Mason King,0.0,3600.0,DEVOPS
Grace Peterson,0.0,3200.0,FINANCE
Liam Wright,0.0,3900.0,HR
Isabella Adams,0.0,4200.0,DEVOPS
Alexander Scott,0.0,3400.0,FINANCE
Mia Reed,0.0,4000.0,HR
Ethan Turner,0.0,3900.0,DEVOPS
Avery Thompson,0.0,3300.0,FINANCE
Ella Walker,0.0,4100.0,HR
Daniel Mitchell,0.0,3600.0,DEVOPS
Lillian Baker,0.0,3200.0,FINANCE
Jackson Hill,0.0,3900.0,HR
Emma Turner,0.0,4200.0,DEVOPS
Benjamin Reed,0.0,3400.0,FINANCE
Ava Bennett,0.0,4100.0,HR
William Adams,0.0,3800.0,DEVOPS
Sofia Foster,0.0,3300.0,FINANCE
Samuel Wright,0.0,4000.0,HR
Ella Phillips,0.0,3900.0,DEVOPS
Henry Thompson,0.0,3200.0,FINANCE
Lily Davis,0.0,3800.0,HR
Jacob Wilson,0.0,4300.0,DEVOPS
Emily Harris,0.0,3300.0,FINANCE
Samuel Wright,0.0,4000.0,HR
Ella Phillips,0.0,3900.0,DEVOPS
Henry Thompson,0.0,3200.0,FINANCE
Lily Davis,0.0,3800.0,HR
Jacob Wilson,0.0,4300.0,DEVOPS
Emily Harris,0.0,3300.0,FINANCE
Nathan Johnson,0.0,4200.0,HR
Sophia Turner,0.0,3800.0,DEVOPS
Daniel Anderson,0.0,3200.0,FINANCE
Olivia Martinez,0.0,4100.0,HR
Christopher Clark,0.0,3700.0,DEVOPS
Ava Walker,0.0,3300.0,FINANCE
Benjamin Adams,0.0,4000.0,HR
Emily Scott,0.0,3800.0,DEVOPS
William Baker,0.0,3100.0,FINANCE
Ella Thompson,0.0,3900.0,HR
Michael Wilson,0.0,4200.0,DEVOPS
Sophia Davis,0.0,3400.0,FINANCE
James Roberts,0.0,4100.0,HR
Olivia Mitchell,0.0,3700.0,DEVOPS
Daniel Reed,0.0,3300.0,FINANCE
Emma Hill,0.0,4000.0,HR
Matthew Phillips,0.0,3800.0,DEVOPS
Grace Turner,0.0,3200.0,FINANCE
Ethan Adams,0.0,3900.0,HR
Samantha Mitchell,0.0,4200.0,DEVOPS
Joseph Thompson,0.0,3300.0,FINANCE
Avery Davis,0.0,4100.0,HR
Elizabeth Wilson,0.0,3700.0,DEVOPS
Benjamin Baker,0.0,3400.0,FINANCE
Mia Turner,0.0,4000.0,HR
Samuel Scott,0.0,3800.0,DEVOPS
Sophia Hill,0.0,3200.0,FINANCE
Jackson Adams,0.0,3900.0,HR
Emily Mitchell,0.0,4200.0,DEVOPS
Daniel Thompson,0.0,3300.0,FINANCE
Ella Davis,0.0,4100.0,HR
Liam Wilson,0.0,3700.0,DEVOPS
Ava Baker,0.0,3400.0,FINANCE
Michael Turner,0.0,4000.0,HR
Olivia Phillips,0.0,3800.0,DEVOPS
Matthew Davis,0.0,3200.0,FINANCE
Sophia Adams,0.0,3900.0,HR
Ethan Scott,0.0,4200.0,DEVOPS
Grace Thompson,0.0,3300.0,FINANCE
Samuel Hill,0.0,4100.0,HR
Emma Wilson,0.0,3700.0,DEVOPS
Daniel Baker,0.0,3400.0,FINANCE
Lily Davis,0.0,4000.0,HR
Jacob Wilson,0.0,3900.0,DEVOPS
Emily Harris,0.0,3200.0,FINANCE
Nathan Johnson,0.0,3800.0,HR
Sophia Turner,0.0,4300.0,DEVOPS
Daniel Anderson,0.0,3300.0,FINANCE
Olivia Martinez,0.0,4000.0,HR
Christopher Clark,0.0,3900.0,DEVOPS
Ava Walker,0.0,3200.0,FINANCE
Benjamin Adams,0.0,4100.0,HR
Emily Scott,0.0,3700.0,DEVOPS
William Baker,0.0,3400.0,FINANCE
Ella Thompson,0.0,4000.0,HR
Michael Wilson,0.0,3800.0,DEVOPS
Sophia Davis,0.0,3300.0,FINANCE
James Roberts,0.0,3900.0,HR
Olivia Mitchell,0.0,4200.0,DEVOPS
Daniel Reed,0.0,3200.0,FINANCE
Emma Hill,0.0,4000.0,HR
Matthew Phillips,0.0,3700.0,DEVOPS
Grace Turner,0.0,3400.0,FINANCE
Ethan Adams,0.0,3900.0,HR
Samantha Mitchell,0.0,4300.0,DEVOPS
Joseph Thompson,0.0,3300.0,FINANCE
Avery Davis,0.0,4000.0,HR
Elizabeth Wilson,0.0,3800.0,DEVOPS
Benjamin Baker,0.0,3200.0,FINANCE
Mia Turner,0.0,3900.0,HR
Samuel Scott,0.0,4200.0,DEVOPS
Sophia Hill,0.0,3400.0,FINANCE
Jackson Adams,0.0,4000.0,HR
Emily Mitchell,0.0,3700.0,DEVOPS
Daniel Thompson,0.0,3300.0,FINANCE
Ella Davis,0.0,3900.0,HR
Liam Wilson,0.0,4300.0,DEVOPS
Ava Baker,0.0,3200.0,FINANCE
Michael Turner,0.0,4000.0,HR
Olivia Phillips,0.0,3800.0,DEVOPS
Matthew Davis,0.0,3400.0,FINANCE
Sophia Adams,0.0,3900.0,HR
Ethan Scott,0.0,4200.0,DEVOPS
Grace Thompson,0.0,3300.0,FINANCE
Samuel Hill,0.0,4000.0,HR
Emma Wilson,0.0,3700.0,DEVOPS
Daniel Baker,0.0,3200.0,FINANCE
Lily Davis,0.0,3900.0,HR
Jacob Wilson,0.0,4300.0,DEVOPS
Emily Harris,0.0,3400.0,FINANCE
Nathan Johnson,0.0,4000.0,HR
Sophia Turner,0.0,3800.0,DEVOPS
Daniel Anderson,0.0,3300.0,FINANCE
Lily Davis,0.0,6000.0,HR
Jacob Wilson,0.0,5500.0,DEVOPS
Emily Harris,0.0,4500.0,FINANCE
Nathan Johnson,0.0,7000.0,HR
Sophia Turner,0.0,5200.0,DEVOPS
Daniel Anderson,0.0,4000.0,FINANCE
Olivia Martinez,0.0,6200.0,HR
Christopher Clark,0.0,5800.0,DEVOPS
Ava Walker,0.0,4800.0,FINANCE
Benjamin Adams,0.0,6500.0,HR
Emily Scott,0.0,5300.0,DEVOPS
William Baker,0.0,4200.0,FINANCE
Ella Thompson,0.0,6100.0,HR
Michael Wilson,0.0,5400.0,DEVOPS
Sophia Davis,0.0,4700.0,FINANCE
James Roberts,0.0,6400.0,HR
Olivia Mitchell,0.0,5700.0,DEVOPS
Daniel Reed,0.0,4400.0,FINANCE
Emma Hill,0.0,6000.0,HR
Matthew Phillips,0.0,5500.0,DEVOPS
Grace Turner,0.0,4600.0,FINANCE
Ethan Adams,0.0,5900.0,HR
Samantha Mitchell,0.0,6800.0,DEVOPS
Joseph Thompson,0.0,4300.0,FINANCE
Avery Davis,0.0,6300.0,HR
Elizabeth Wilson,0.0,5700.0,DEVOPS
Benjamin Baker,0.0,4800.0,FINANCE
Mia Turner,0.0,6200.0,HR
Samuel Scott,0.0,5600.0,DEVOPS
Sophia Hill,0.0,4900.0,FINANCE
Jackson Adams,0.0,6100.0,HR
Emily Mitchell,0.0,5500.0,DEVOPS
Daniel Thompson,0.0,4200.0,FINANCE
Ella Davis,0.0,6000.0,HR
Liam Wilson,0.0,5400.0,DEVOPS
Ava Baker,0.0,4700.0,FINANCE
Michael Turner,0.0,6400.0,HR
Olivia Phillips,0.0,5800.0,DEVOPS
Matthew Davis,0.0,4600.0,FINANCE
Sophia Adams,0.0,5900.0,HR
Ethan Scott,0.0,6800.0,DEVOPS
Grace Thompson,0.0,4300.0,FINANCE
Samuel Hill,0.0,6200.0,HR
Emma Wilson,0.0,5700.0,DEVOPS
Daniel Baker,0.0,4800.0,FINANCE
Lily Davis,0.0,6000.0,HR
Jacob Wilson,0.0,5500.0,DEVOPS
Emily Harris,0.0,4500.0,FINANCE
Nathan Johnson,0.0,7000.0,HR
Sophia Turner,0.0,5200.0,DEVOPS
Daniel Anderson,0.0,4000.0,FINANCE
Lily Davis,0.0,6700.0,HR
Jacob Wilson,0.0,5200.0,DEVOPS
Emily Harris,0.0,4800.0,FINANCE
Nathan Johnson,0.0,7200.0,HR
Sophia Turner,0.0,5500.0,DEVOPS
Daniel Anderson,0.0,4100.0,FINANCE
Olivia Martinez,0.0,6900.0,HR
Christopher Clark,0.0,5400.0,DEVOPS
Ava Walker,0.0,4900.0,FINANCE
Benjamin Adams,0.0,6500.0,HR
Emily Scott,0.0,5300.0,DEVOPS
William Baker,0.0,4600.0,FINANCE
Ella Thompson,0.0,6700.0,HR
Michael Wilson,0.0,5200.0,DEVOPS
Sophia Davis,0.0,5000.0,FINANCE
James Roberts,0.0,6400.0,HR
Olivia Mitchell,0.0,5700.0,DEVOPS
Daniel Reed,0.0,4500.0,FINANCE
Emma Hill,0.0,6800.0,HR
Matthew Phillips,0.0,5500.0,DEVOPS
Grace Turner,0.0,4800.0,FINANCE
Ethan Adams,0.0,6300.0,HR
Samantha Mitchell,0.0,6700.0,DEVOPS
Joseph Thompson,0.0,4300.0,FINANCE
Avery Davis,0.0,6500.0,HR
Elizabeth Wilson,0.0,5600.0,DEVOPS
Benjamin Baker,0.0,5200.0,FINANCE
Mia Turner,0.0,6900.0,HR
Samuel Scott,0.0,5500.0,DEVOPS
Sophia Hill,0.0,2.0,FINANCE
Liyana Patel,0.0,6700.0,HR
Adnan Khan,0.0,5200.0,DEVOPS
Sofia Nguyen,0.0,4800.0,FINANCE
Hiroshi Yamamoto,0.0,7200.0,HR
Amara Ali,0.0,5500.0,DEVOPS
Priya Rao,0.0,4100.0,FINANCE
Leila Hassan,0.0,6900.0,HR
Rohan Gupta,0.0,5400.0,DEVOPS
Mia Kim,0.0,4900.0,FINANCE
Santiago Morales,0.0,6500.0,HR
Aisha Rahman,0.0,5300.0,DEVOPS
Muhammad Khan,0.0,4600.0,FINANCE
Nina Lopez,0.0,6700.0,HR
Aliyah Khan,0.0,5200.0,DEVOPS
Kai Chen,0.0,5000.0,FINANCE
Aiden Patel,0.0,6400.0,HR
Sakura Takahashi,0.0,5700.0,DEVOPS
Javier Hernandez,0.0,4500.0,FINANCE
Amara Silva,0.0,6800.0,HR
Hiroshi Tanaka,0.0,5500.0,DEVOPS
Sophie Bouchard,0.0,4800.0,FINANCE
Yusuf Ahmed,0.0,6300.0,HR
Aaliyah Singh,0.0,6700.0,DEVOPS
Hannah Patel,0.0,4300.0,FINANCE
Zara Ali,0.0,6500.0,HR
Rohan Kapoor,0.0,5600.0,DEVOPS
Mila Nguyen,0.0,5200.0,FINANCE
Liam Patel,0.0,6900.0,HR
Hiroshi Suzuki,0.0,5500.0,DEVOPS
Sofia Costa,0.0,5000.0,FINANCE
Santiago Rodriguez,0.0,6800.0,HR
Aisha Khan,0.0,5700.0,DEVOPS
Muhammad Ali,0.0,4600.0,FINANCE
Nina Santos,0.0,6100.0,HR
Aliyah Kim,0.0,6700.0,DEVOPS
Kai Nguyen,0.0,4800.0,FINANCE
Aiden Gonzalez,0.0,6900.0,HR
Sakura Ito,0.0,5600.0,DEVOPS
Javier Morales,0.0,4700.0,FINANCE
Amara Lefebvre,0.0,6500.0,HR
Hiroshi Goto,0.0,5300.0,DEVOPS
Sophie Tremblay,0.0,4900.0,FINANCE
Zara Khan,0.0,6700.0,HR
Rohan Patel,0.0,5200.0,DEVOPS
Mila Kim,0.0,4800.0,FINANCE
Liam Nguyen,0.0,7200.0,HR
Hiroshi Rahman,0.0,5500.0,DEVOPS
Sofia Yamamoto,0.0,4100.0,FINANCE
Santiago Ali,0.0,6900.0,HR
Aisha Gupta,0.0,5400.0,DEVOPS
Muhammad Lopez,0.0,4900.0,FINANCE
Nina Hassan,0.0,6500.0,HR
Aliyah Yamamoto,0.0,5300.0,DEVOPS
Kai Nguyen,0.0,4600.0,FINANCE
Aiden Khan,0.0,6700.0,HR
Sakura Patel,0.0,5200.0,DEVOPS
Javier Kim,0.0,5000.0,FINANCE
Amara Nguyen,0.0,6400.0,HR
Hiroshi Ali,0.0,5700.0,DEVOPS
Sophie Chen,0.0,4500.0,FINANCE
Santiago Singh,0.0,6800.0,HR
Aisha Gupta,0.0,5500.0,DEVOPS
Muhammad Khan,0.0,4800.0,FINANCE
Nina Morales,0.0,6300.0,HR
Aliyah Lopez,0.0,6700.0,DEVOPS
Kai Hernandez,0.0,4300.0,FINANCE
Aiden Silva,0.0,6500.0,HR
Sakura Tanaka,0.0,5600.0,DEVOPS
Javier Bouchard,0.0,5200.0,FINANCE
Amara Patel,0.0,6900.0,HR
Hiroshi Silva,0.0,5500.0,DEVOPS
Sophie Hernandez,0.0,5000.0,FINANCE
Santiago Costa,0.0,6800.0,HR
Aisha Nguyen,0.0,5700.0,DEVOPS
Muhammad Ali,0.0,4600.0,FINANCE
Nina Singh,0.0,6100.0,HR
Aliyah Yamamoto,0.0,6700.0,DEVOPS
Kai Gonzalez,0.0,4800.0,FINANCE
Aiden Kim,0.0,6900.0,HR
Sakura Lefebvre,0.0,5600.0,DEVOPS
Javier Goto,0.0,4700.0,FINANCE
Amara Tremblay,0.0,6500.0,HR
Hiroshi Santos,0.0,5300.0,DEVOPS
Sophie Ito,0.0,4900.0,FINANCE
Zara Patel,0.0,6700.0,HR
Rohan Khan,0.0,5200.0,DEVOPS
Mila Nguyen,0.0,4800.0,FINANCE
Liam Ali,0.0,7200.0,HR
Hiroshi Kim,0.0,5500.0,DEVOPS
Sofia Yamamoto,0.0,4100.0,FINANCE
Santiago Rahman,0.0,6900.0,HR
Aisha Gupta,0.0,5400.0,DEVOPS
Muhammad Lopez,0.0,4900.0,FINANCE
Nina Chen,0.0,6500.0,HR
Aliyah Ali,0.0,5300.0,DEVOPS
Kai Nguyen,0.0,4600.0,FINANCE
Aiden Khan,0.0,6700.0,HR
Sakura Patel,0.0,5200.0,DEVOPS
Javier Kim,0.0,5000.0,FINANCE
Amara Nguyen,0.0,6400.0,HR
Hiroshi Ali,0.0,5700.0,DEVOPS
Sophie Chen,0.0,4500.0,FINANCE
Santiago Singh,0.0,6800.0,HR
Aisha Gupta,0.0,5500.0,DEVOPS
Muhammad Khan,0.0,4800.0,FINANCE
Nina Morales,0.0,6300.0,HR
Aliyah Lopez,0.0,6700.0,DEVOPS
Kai Hernandez,0.0,4300.0,FINANCE
Aiden Silva,0.0,6500.0,HR
Sakura Tanaka,0.0,5600.0,DEVOPS
Javier Bouchard,0.0,5200.0,FINANCE
Amara Patel,0.0,6900.0,HR
Hiroshi Silva,0.0,5500.0,DEVOPS
Sophie Hernandez,0.0,5000.0,FINANCE
Santiago Costa,0.0,6800.0,HR
Aisha Nguyen,0.0,5700.0,DEVOPS
Muhammad Ali,0.0,4600.0,FINANCE
Nina Singh,0.0,6100.0,HR
Aliyah Yamamoto,0.0,6700.0,DEVOPS
Kai Gonzalez,0.0,4800.0,FINANCE
Aiden Kim,0.0,6900.0,HR
Sakura Lefebvre,0.0,5600.0,DEVOPS
Javier Goto,0.0,4700.0,FINANCE
Amara Tremblay,0.0,6500.0,HR
Hiroshi Santos,0.0,5300.0,DEVOPS
Sophie Ito,0.0,4900.0,FINANCE
Zara Khan,0.0,6700.0,HR
Rohan Patel,0.0,5200.0,DEVOPS
Mila Nguyen,0.0,4800.0,FINANCE
Liam Ali,0.0,7200.0,HR
Hiroshi Kim,0.0,5500.0,DEVOPS
Sofia Yamamoto,0.0,4100.0,FINANCE
Santiago Rahman,0.0,6900.0,HR
Aisha Gupta,0.0,5400.0,DEVOPS
Muhammad Lopez,0.0,4900.0,FINANCE
Nina Chen,0.0,6500.0,HR
Aliyah Ali,0.0,5300.0,DEVOPS
Kai Nguyen,0.0,4600.0,FINANCE
Aiden Khan,0.0,6700.0,HR
Sakura Patel,0.0,5200.0,DEVOPS
Javier Kim,0.0,5000.0,FINANCE
Amara Nguyen,0.0,6400.0,HR
Hiroshi Ali,0.0,5700.0,DEVOPS
Sophie Chen,0.0,4500.0,FINANCE
Santiago Singh,0.0,6800.0,HR
Aisha Gupta,0.0,5500.0,DEVOPS
Muhammad Khan,0.0,4800.0,FINANCE
Nina Morales,0.0,6300.0,HR
Aliyah Lopez,0.0,6700.0,DEVOPS
Kai Hernandez,0.0,4300.0,FINANCE
Aiden Silva,0.0,6500.0,HR
Sakura Tanaka,0.0,5600.0,DEVOPS
Javier Bouchard,0.0,5200.0,FINANCE
Amara Patel,0.0,6900.0,HR
Hiroshi Silva,0.0,5500.0,DEVOPS
Sophie Hernandez,0.0,5000.0,FINANCE
Santiago Costa,0.0,6800.0,HR
Aisha Nguyen,0.0,5700.0,DEVOPS
Muhammad Ali,0.0,4600.0,FINANCE
Nina Singh,0.0,6100.0,HR
Aliyah Yamamoto,0.0,6700.0,DEVOPS
Kai Gonzalez,0.0,4800.0,FINANCE
Aiden Kim,0.0,6900.0,HR
Sakura Lefebvre,0.0,5600.0,DEVOPS
Javier Goto,0.0,4700.0,FINANCE
Amara Tremblay,0.0,6500.0,HR
Hiroshi Santos,0.0,5300.0,DEVOPS
Sophie Ito,0.0,4900.0,FINANCE
Zara Patel,0.0,6700.0,HR
Rohan Khan,0.0,5200.0,DEVOPS
Mila Nguyen,0.0,4800.0,FINANCE
Liam Ali,0.0,7200.0,HR
Hiroshi Kim,0.0,5500.0,DEVOPS
Sofia Yamamoto,0.0,4100.0,FINANCE
Santiago Rahman,0.0,6900.0,HR
Aisha Gupta,0.0,5400.0,DEVOPS
Muhammad Lopez,0.0,4900.0,FINANCE
Nina Chen,0.0,6500.0,HR
Aliyah Ali,0.0,5300.0,DEVOPS
Kai Nguyen,0.0,4600.0,FINANCE
Aiden Khan,0.0,6700.0,HR
Sakura Patel,0.0,5200.0,DEVOPS
Javier Kim,0.0,5000.0,FINANCE
Amara Nguyen,0.0,6400.0,HR
Hiroshi Ali,0.0,5700.0,DEVOPS
Sophie Chen,0.0,4500.0,FINANCE
Santiago Singh,0.0,6800.0,HR
Aisha Gupta,0.0,5500.0,DEVOPS
Muhammad Khan,0.0,4800.0,FINANCE
Nina Morales,0.0,6300.0,HR
Aliyah Lopez,0.0,6700.0,DEVOPS
Kai Hernandez,0.0,4300.0,FINANCE
Aiden Silva,0.0,6500.0,HR
Sakura Tanaka,0.0,5600.0,DEVOPS
Javier Bouchard,0.0,5200.0,FINANCE
Amara Patel,0.0,6900.0,HR
Hiroshi Silva,0.0,5500.0,DEVOPS
Sophie Hernandez,0.0,5000.0,FINANCE
Santiago Costa,0.0,6800.0,HR
Aisha Nguyen,0.0,5700.0,DEVOPS
Muhammad Ali,0.0,4600.0,FINANCE
Nina Singh,0.0,6100.0,HR
Aliyah Yamamoto,0.0,6700.0,DEVOPS
Kai Gonzalez,0.0,4800.0,FINANCE
Aiden Kim,0.0,6900.0,HR
Sakura Lefebvre,0.0,5600.0,DEVOPS
Javier Goto,0.0,4700.0,FINANCE
Amara Tremblay,0.0,6500.0,HR
Hiroshi Santos,0.0,5300.0,DEVOPS
Sophie Ito,0.0,4900.0,FINANCE
Zara Khan,0.0,6700.0,HR
Rohan Patel,0.0,5200.0,DEVOPS
Mila Nguyen,0.0,4800.0,FINANCE
Liam Ali,0.0,7200.0,HR
Hiroshi Kim,0.0,5500.0,DEVOPS
Sofia Yamamoto,0.0,4100.0,FINANCE
Santiago Rahman,0.0,6900.0,HR
Aisha Gupta,0.0,5400.0,DEVOPS
Muhammad Lopez,0.0,4900.0,FINANCE
Nina Chen,0.0,6500.0,HR
Aliyah Ali,0.0,5300.0,DEVOPS
Kai Nguyen,0.0,4600.0,FINANCE
Aiden Khan,0.0,6700.0,HR
Sakura Patel,0.0,5200.0,DEVOPS
Javier Kim,0.0,5000.0,FINANCE
Amara Nguyen,0.0,6400.0,HR
Hiroshi Ali,0.0,5700.0,DEVOPS
Sophie Chen,0.0,4500.0,FINANCE
Santiago Singh,0.0,6800.0,HR
Aisha Gupta,0.0,5500.0,DEVOPS
Muhammad Khan,0.0,4800.0,FINANCE
Nina Morales,0.0,6300.0,HR
Aliyah Lopez,0.0,6700.0,DEVOPS
Kai Hernandez,0.0,4300.0,FINANCE
Aiden Silva,0.0,6500.0,HR
Sakura Tanaka,0.0,5600.0,DEVOPS
Javier Bouchard,0.0,5200.0,FINANCE
Amara Patel,0.0,6900.0,HR
Hiroshi Silva,0.0,5500.0,DEVOPS
Sophie Hernandez,0.0,5000.0,FINANCE
Santiago Costa,0.0,6800.0,HR
Aisha Nguyen,0.0,5700.0,DEVOPS
Muhammad Ali,0.0,4600.0,FINANCE
Nina Singh,0.0,6100.0,HR
Aliyah Yamamoto,0.0,6700.0,DEVOPS
Kai Gonzalez,0.0,4800.0,FINANCE
Aiden Kim,0.0,6900.0,HR
Sakura Lefebvre,0.0,5600.0,DEVOPS
Javier Goto,0.0,4700.0,FINANCE
Amara Tremblay,0.0,6500.0,HR
Hiroshi Santos,0.0,5300.0,DEVOPS
Sophie Ito,0.0,4900.0,FINANCE
Zara Khan,0.0,6700.0,HR
Rohan Patel,0.0,5200.0,DEVOPS
Mila Nguyen,0.0,4800.0,FINANCE
Liam Ali,0.0,7200.0,HR
Hiroshi Kim,0.0,5500.0,DEVOPS
Sofia Yamamoto,0.0,4100.0,FINANCE
Santiago Rahman,0.0,6900.0,HR
Aisha Gupta,0.0,5400.0,DEVOPS
Muhammad Lopez,0.0,4900.0,FINANCE
Nina Chen,0.0,6500.0,HR
Aliyah Ali,0.0,5300.0,DEVOPS
Kai Nguyen,0.0,4600.0,FINANCE
Aiden Khan,0.0,6700.0,HR
Sakura Patel,0.0,5200.0,DEVOPS
Javier Kim,0.0,5000.0,FINANCE
Amara Nguyen,0.0,6400.0,HR
Hiroshi Ali,0.0,5700.0,DEVOPS
Sophie Chen,0.0,4500.0,FINANCE
Santiago Singh,0.0,6800.0,HR
Aisha Gupta,0.0,5500.0,DEVOPS
Muhammad Khan,0.0,4800.0,FINANCE
Nina Morales,0.0,6300.0,HR
Aliyah Lopez,0.0,6700.0,DEVOPS
Kai Hernandez,0.0,4300.0,FINANCE
Aiden Silva,0.0,6500.0,HR
Sakura Tanaka,0.0,5600.0,DEVOPS
Javier Bouchard,0.0,5200.0,FINANCE
Amara Patel,0.0,6900.0,HR
Hiroshi Silva,0.0,5500.0,DEVOPS
Sophie Hernandez,0.0,5000.0,FINANCE
Santiago Costa,0.0,6800.0,HR
Zara Patel,0.0,6700.0,HR
Rohan Khan,0.0,5200.0,DEVOPS
Mila Nguyen,0.0,4800.0,FINANCE
Liam Ali,0.0,7200.0,HR
Hiroshi Kim,0.0,5500.0,DEVOPS
Sofia Yamamoto,0.0,4100.0,FINANCE
Santiago Rahman,0.0,6900.0,HR
Aisha Gupta,0.0,5400.0,DEVOPS
Muhammad Lopez,0.0,4900.0,FINANCE
Nina Chen,0.0,6500.0,HR
Aliyah Ali,0.0,5300.0,DEVOPS
Kai Nguyen,0.0,4600.0,FINANCE
Aiden Khan,0.0,6700.0,HR
Sakura Patel,0.0,5200.0,DEVOPS
Javier Kim,0.0,5000.0,FINANCE
Amara Nguyen,0.0,6400.0,HR
Hiroshi Ali,0.0,5700.0,DEVOPS
Sophie Chen,0.0,4500.0,FINANCE
Santiago Singh,0.0,6800.0,HR
Aisha Gupta,0.0,5500.0,DEVOPS
Muhammad Khan,0.0,4800.0,FINANCE
Nina Morales,0.0,6300.0,HR
Aliyah Lopez,0.0,6700.0,DEVOPS
Kai Hernandez,0.0,4300.0,FINANCE
Aiden Silva,0.0,6500.0,HR
Sakura Tanaka,0.0,5600.0,DEVOPS
Javier Bouchard,0.0,5200.0,FINANCE
Amara Patel,0.0,6900.0,HR
Hiroshi Silva,0.0,5500.0,DEVOPS
Sophie Hernandez,0.0,5000.0,FINANCE
Santiago Costa,0.0,6800.0,HR
Aisha Nguyen,0.0,5700.0,DEVOPS
Muhammad Ali,0.0,4600.0,FINANCE
Nina Singh,0.0,6100.0,HR
Aliyah Yamamoto,0.0,6700.0,DEVOPS
Kai Gonzalez,0.0,4800.0,FINANCE
Aiden Kim,0.0,6900.0,HR
Sakura Lefebvre,0.0,5600.0,DEVOPS
Javier Goto,0.0,4700.0,FINANCE
Amara Tremblay,0.0,6500.0,HR
Hiroshi Santos,0.0,5300.0,DEVOPS
Sophie Ito,0.0,4900.0,FINANCE
Zara Khan,0.0,6700.0,HR
Rohan Patel,0.0,5200.0,DEVOPS
Mila Nguyen,0.0,4800.0,FINANCE
Liam Ali,0.0,7200.0,HR
Hiroshi Kim,0.0,5500.0,DEVOPS
Sofia Yamamoto,0.0,4100.0,FINANCE
Santiago Rahman,0.0,6900.0,HR
Aisha Gupta,0.0,5400.0,DEVOPS
Muhammad Lopez,0.0,4900.0,FINANCE
Nina Chen,0.0,6500.0,HR
Aliyah Ali,0.0,5300.0,DEVOPS
Kai Nguyen,0.0,4600.0,FINANCE
Aiden Khan,0.0,6700.0,HR
Sakura Patel,0.0,5200.0,DEVOPS
Javier Kim,0.0,5000.0,FINANCE
Amara Nguyen,0.0,6400.0,HR
Hiroshi Ali,0.0,5700.0,DEVOPS
Sophie Chen,0.0,4500.0,FINANCE
Santiago Singh,0.0,6800.0,HR
Aisha Gupta,0.0,5500.0,DEVOPS
Muhammad Khan,0.0,4800.0,FINANCE
Nina Morales,0.0,6300.0,HR
Aliyah Lopez,0.0,6700.0,DEVOPS
Kai Hernandez,0.0,4300.0,FINANCE
Aiden Silva,0.0,6500.0,HR
Sakura Tanaka,0.0,5600.0,DEVOPS
Javier Bouchard,0.0,5200.0,FINANCE
Amara Patel,0.0,6900.0,HR
Hiroshi Silva,0.0,5500.0,DEVOPS
Sophie Hernandez,0.0,5000.0,FINANCE
Santiago Costa,0.0,6800.0,HR
Aisha Nguyen,0.0,5700.0,DEVOPS
Muhammad Ali,0.0,4600.0,FINANCE
Nina Singh,0.0,6100.0,HR
Aliyah Yamamoto,0.0,6700.0,DEVOPS
Kai Gonzalez,0.0,4800.0,FINANCE
Aiden Kim,0.0,6900.0,HR
Sakura Lefebvre,0.0,5600.0,DEVOPS
Javier Goto,0.0,4700.0,FINANCE
Amara Tremblay,0.0,6500.0,HR
Hiroshi Santos,0.0,5300.0,DEVOPS
Sophie Ito,0.0,4900.0,FINANCE
Zara Patel,0.0,6700.0,HR
Rohan Khan,0.0,5200.0,DEVOPS
Mila Nguyen,0.0,4800.0,FINANCE
Liam Ali,0.0,7200.0,HR
Hiroshi Kim,0.0,5500.0,DEVOPS
Sofia Yamamoto,0.0,4100.0,FINANCE
Santiago Rahman,0.0,6900.0,HR
Aisha Gupta,0.0,5400.0,DEVOPS
Muhammad Lopez,0.0,4900.0,FINANCE
Nina Chen,0.0,6500.0,HR
Aliyah Ali,0.0,5300.0,DEVOPS
Kai Nguyen,0.0,4600.0,FINANCE
Aiden Khan,0.0,6700.0,HR
Sakura Patel,0.0,5200.0,DEVOPS
Javier Kim,0.0,5000.0,FINANCE
Amara Nguyen,0.0,6400.0,HR
Hiroshi Ali,0.0,5700.0,DEVOPS
Sophie Chen,0.0,4500.0,FINANCE
Santiago Singh,0.0,6800.0,HR
Aisha Gupta,0.0,5500.0,DEVOPS
Muhammad Khan,0.0,4800.0,FINANCE
Nina Morales,0.0,6300.0,HR
Aliyah Lopez,0.0,6700.0,DEVOPS
Kai Hernandez,0.0,4300.0,FINANCE
Aiden Silva,0.0,6500.0,HR
Sakura Tanaka,0.0,5600.0,DEVOPS
Javier Bouchard,0.0,5200.0,FINANCE
Amara Patel,0.0,6900.0,HR
Hiroshi Silva,0.0,5500.0,DEVOPS
Sophie Hernandez,0.0,5000.0,FINANCE
Santiago Costa,0.0,6800.0,HR
Aisha Nguyen,0.0,5700.0,DEVOPS
Muhammad Ali,0.0,4600.0,FINANCE
Nina Singh,0.0,6100.0,HR
Aliyah Yamamoto,0.0,6700.0,DEVOPS
Kai Gonzalez,0.0,4800.0,FINANCE
Aiden Kim,0.0,6900.0,HR
Sakura Lefebvre,0.0,5600.0,DEVOPS
Javier Goto,0.0,4700.0,FINANCE
Amara Tremblay,0.0,6500.0,HR
Hiroshi Santos,0.0,5300.0,DEVOPS
Sophie Ito,0.0,4900.0,FINANCE
Emily Davis,0.0,3900.0,HR
David Wilson,0.0,4400.0,DEVOPS
Sarah Thompson,0.0,3500.0,FINANCE
Matthew Harris,0.0,4100.0,HR
Jessica Martinez,0.0,3600.0,DEVOPS
Daniel Robinson,0.0,3000.0,FINANCE
Olivia Taylor,0.0,3800.0,HR
Christopher Walker,0.0,4300.0,DEVOPS
Sophia Thomas,0.0,3200.0,FINANCE
James White,0.0,4000.0,HR
Ava Garcia,0.0,3700.0,DEVOPS
Daniel Brown,0.0,3100.0,FINANCE
Mia Lee,0.0,4200.0,HR
Ethan Green,0.0,3900.0,DEVOPS
Amelia Clark,0.0,3400.0,FINANCE
Alexander Baker,0.0,3800.0,HR
Sophia Rodriguez,0.0,4322200.0,DEVOPS
Ethan Adams,0.0,3300.0,FINANCE
Emily Campbell,0.0,4000.0,HR
William Martinez,0.0,3900.0,DEVOPS
Grace Wright,0.0,3100.0,FINANCE
Daniel Anderson,0.0,3900.0,HR
Emma Mitchell,0.0,4000.0,DEVOPS
Benjamin Bell,0.0,3200.0,FINANCE
Abigail King,0.0,3800.0,HR
Joshua Turner,0.0,4100.0,DEVOPS
Sofia Hill,0.0,3500.0,FINANCE
Samuel Cooper,0.0,4000.0,HR
Avery Scott,0.0,3700.0,DEVOPS
Victoria Reed,0.0,3300.0,FINANCE
Joseph Johnson,0.0,4100.0,HR
Ella Morris,0.0,3600.0,DEVOPS
Henry Peterson,0.0,3200.0,FINANCE
Lillian Bailey,0.0,3900.0,HR
Jackson Rogers,0.0,4200.0,DEVOPS
Elizabeth Cook,0.0,3400.0,FINANCE
Andrew Bennett,0.0,4000.0,HR
Madison Adams,0.0,3800.0,DEVOPS
Samuel Foster,0.0,3100.0,FINANCE
Scarlett Wright,0.0,4000.0,HR
David Turner,0.0,3900.0,DEVOPS
Natalie Thompson,0.0,3300.0,FINANCE
Sebastian Walker,0.0,4100.0,HR
Aria Hall,0.0,3600.0,DEVOPS
Michael Phillips,0.0,3200.0,FINANCE
Chloe Butler,0.0,3900.0,HR
Andrew Young,0.0,4200.0,DEVOPS
Grace Hill,0.0,3400.0,FINANCE
Ryan James,0.0,4100.0,HR
Samantha Wright,0.0,3700.0,DEVOPS
Jonathan Morgan,0.0,3300.0,FINANCE
Hailey Reed,0.0,3800.0,HR
Nathan Gray,0.0,4200.0,DEVOPS
Lily Stewart,0.0,3200.0,FINANCE
Ryan Adams,0.0,4000.0,HR
Samantha Phillips,0.0,3800.0,DEVOPS
Christopher Turner,0.0,3100.0,FINANCE
Madison Cooper,0.0,3900.0,HR
Henry Wilson,0.0,4300.0,DEVOPS
Victoria Harris,0.0,3300.0,FINANCE
Gabriel Thompson,0.0,4100.0,HR
Evelyn Martinez,0.0,3700.0,DEVOPS
Jonathan Robinson,0.0,3200.0,FINANCE
Charlotte Davis,0.0,3900.0,HR
Daniel Garcia,0.0,4000.0,DEVOPS
Olivia Wright,0.0,3400.0,FINANCE
Samuel Baker,0.0,3800.0,HR
Sophia Adams,0.0,4200.0,DEVOPS
William Green,0.0,3300.0,FINANCE
Ava Clark,0.0,4000.0,HR
Joseph Rodriguez,0.0,3900.0,DEVOPS
Abigail Turner,0.0,3200.0,FINANCE
Noah White,0.0,4000.0,HR
Emily Wilson,0.0,3700.0,DEVOPS
James Foster,0.0,3300.0,FINANCE
Sophia Bell,0.0,4100.0,HR
Mason King,0.0,3600.0,DEVOPS
Grace Peterson,0.0,3200.0,FINANCE
Liam Wright,0.0,3900.0,HR
Isabella Adams,0.0,4200.0,DEVOPS
Alexander Scott,0.0,3400.0,FINANCE
Mia Reed,0.0,4000.0,HR
Ethan Turner,0.0,3900.0,DEVOPS
Avery Thompson,0.0,3300.0,FINANCE
Ella Walker,0.0,4100.0,HR
Daniel Mitchell,0.0,3600.0,DEVOPS
Lillian Baker,0.0,3200.0,FINANCE
Jackson Hill,0.0,3900.0,HR
Emma Turner,0.0,4200.0,DEVOPS
Benjamin Reed,0.0,3400.0,FINANCE
Ava Bennett,0.0,4100.0,HR
William Adams,0.0,3800.0,DEVOPS
Sofia Foster,0.0,3300.0,FINANCE
Samuel Wright,0.0,4000.0,HR
Ella Phillips,0.0,3900.0,DEVOPS
Henry Thompson,0.0,3200.0,FINANCE
Lily Davis,0.0,3800.0,HR
Jacob Wilson,0.0,4300.0,DEVOPS
Emily Harris,0.0,3300.0,FINANCE
Samuel Wright,0.0,4000.0,HR
Ella Phillips,0.0,3900.0,DEVOPS
Henry Thompson,0.0,3200.0,FINANCE
Lily Davis,0.0,3800.0,HR
Jacob Wilson,0.0,4300.0,DEVOPS
Emily Harris,0.0,3300.0,FINANCE
Nathan Johnson,0.0,4200.0,HR
Sophia Turner,0.0,3800.0,DEVOPS
Daniel Anderson,0.0,3200.0,FINANCE
Olivia Martinez,0.0,4100.0,HR
Christopher Clark,0.0,3700.0,DEVOPS
Ava Walker,0.0,3300.0,FINANCE
Benjamin Adams,0.0,4000.0,HR
Emily Scott,0.0,3800.0,DEVOPS
William Baker,0.0,3100.0,FINANCE
Ella Thompson,0.0,3900.0,HR
Michael Wilson,0.0,4200.0,DEVOPS
Sophia Davis,0.0,3400.0,FINANCE
James Roberts,0.0,4100.0,HR
Olivia Mitchell,0.0,3700.0,DEVOPS
Daniel Reed,0.0,3300.0,FINANCE
Emma Hill,0.0,4000.0,HR
Matthew Phillips,0.0,3800.0,DEVOPS
Grace Turner,0.0,3200.0,FINANCE
Ethan Adams,0.0,3900.0,HR
Samantha Mitchell,0.0,4200.0,DEVOPS
Joseph Thompson,0.0,3300.0,FINANCE
Avery Davis,0.0,4100.0,HR
Elizabeth Wilson,0.0,3700.0,DEVOPS
Benjamin Baker,0.0,3400.0,FINANCE
Mia Turner,0.0,4000.0,HR
Samuel Scott,0.0,3800.0,DEVOPS
Sophia Hill,0.0,3200.0,FINANCE
Jackson Adams,0.0,3900.0,HR
Emily Mitchell,0.0,4200.0,DEVOPS
Daniel Thompson,0.0,3300.0,FINANCE
Ella Davis,0.0,4100.0,HR
Liam Wilson,0.0,3700.0,DEVOPS
Ava Baker,0.0,3400.0,FINANCE
Michael Turner,0.0,4000.0,HR
Olivia Phillips,0.0,3800.0,DEVOPS
Matthew Davis,0.0,3200.0,FINANCE
Sophia Adams,0.0,3900.0,HR
Ethan Scott,0.0,4200.0,DEVOPS
Grace Thompson,0.0,3300.0,FINANCE
Samuel Hill,0.0,4100.0,HR
Emma Wilson,0.0,3700.0,DEVOPS
Daniel Baker,0.0,3400.0,FINANCE
Lily Davis,0.0,4000.0,HR
Jacob Wilson,0.0,3900.0,DEVOPS
Emily Harris,0.0,3200.0,FINANCE
Nathan Johnson,0.0,3800.0,HR
Sophia Turner,0.0,4300.0,DEVOPS
Daniel Anderson,0.0,3300.0,FINANCE
Olivia Martinez,0.0,4000.0,HR
Christopher Clark,0.0,3900.0,DEVOPS
Ava Walker,0.0,3200.0,FINANCE
Benjamin Adams,0.0,4100.0,HR
Emily Scott,0.0,3700.0,DEVOPS
William Baker,0.0,3400.0,FINANCE
Ella Thompson,0.0,4000.0,HR
Michael Wilson,0.0,3800.0,DEVOPS
Sophia Davis,0.0,3300.0,FINANCE
James Roberts,0.0,3900.0,HR
Olivia Mitchell,0.0,4200.0,DEVOPS
Daniel Reed,0.0,3200.0,FINANCE
Emma Hill,0.0,4000.0,HR
Matthew Phillips,0.0,3700.0,DEVOPS
Grace Turner,0.0,3400.0,FINANCE
Ethan Adams,0.0,3900.0,HR
Samantha Mitchell,0.0,4300.0,DEVOPS
Joseph Thompson,0.0,3300.0,FINANCE
Avery Davis,0.0,4000.0,HR
Elizabeth Wilson,0.0,3800.0,DEVOPS
Benjamin Baker,0.0,3200.0,FINANCE
Mia Turner,0.0,3900.0,HR
Samuel Scott,0.0,4200.0,DEVOPS
Sophia Hill,0.0,3400.0,FINANCE
Jackson Adams,0.0,4000.0,HR
Emily Mitchell,0.0,3700.0,DEVOPS
Daniel Thompson,0.0,3300.0,FINANCE
Ella Davis,0.0,3900.0,HR
Liam Wilson,0.0,4300.0,DEVOPS
Ava Baker,0.0,3200.0,FINANCE
Michael Turner,0.0,4000.0,HR
Olivia Phillips,0.0,3800.0,DEVOPS
Matthew Davis,0.0,3400.0,FINANCE
Sophia Adams,0.0,3900.0,HR
Ethan Scott,0.0,4200.0,DEVOPS
Grace Thompson,0.0,3300.0,FINANCE
Samuel Hill,0.0,4000.0,HR
Emma Wilson,0.0,3700.0,DEVOPS
Daniel Baker,0.0,3200.0,FINANCE
Lily Davis,0.0,3900.0,HR
Jacob Wilson,0.0,4300.0,DEVOPS
Emily Harris,0.0,3400.0,FINANCE
Nathan Johnson,0.0,4000.0,HR
Sophia Turner,0.0,3800.0,DEVOPS
Daniel Anderson,0.0,3300.0,FINANCE
Lily Davis,0.0,6000.0,HR
Jacob Wilson,0.0,5500.0,DEVOPS
Emily Harris,0.0,4500.0,FINANCE
Nathan Johnson,0.0,7000.0,HR
Sophia Turner,0.0,5200.0,DEVOPS
Daniel Anderson,0.0,4000.0,FINANCE
Olivia Martinez,0.0,6200.0,HR
Christopher Clark,0.0,5800.0,DEVOPS
Ava Walker,0.0,4800.0,FINANCE
Benjamin Adams,0.0,6500.0,HR
Emily Scott,0.0,5300.0,DEVOPS
William Baker,0.0,4200.0,FINANCE
Ella Thompson,0.0,6100.0,HR
Michael Wilson,0.0,5400.0,DEVOPS
Sophia Davis,0.0,4700.0,FINANCE
James Roberts,0.0,6400.0,HR
Olivia Mitchell,0.0,5700.0,DEVOPS
Daniel Reed,0.0,4400.0,FINANCE
Emma Hill,0.0,6000.0,HR
Matthew Phillips,0.0,5500.0,DEVOPS
Grace Turner,0.0,4600.0,FINANCE
Ethan Adams,0.0,5900.0,HR
Samantha Mitchell,0.0,6800.0,DEVOPS
Joseph Thompson,0.0,4300.0,FINANCE
Avery Davis,0.0,6300.0,HR
Elizabeth Wilson,0.0,5700.0,DEVOPS
Benjamin Baker,0.0,4800.0,FINANCE
Mia Turner,0.0,6200.0,HR
Samuel Scott,0.0,5600.0,DEVOPS
Sophia Hill,0.0,4900.0,FINANCE
Jackson Adams,0.0,6100.0,HR
Emily Mitchell,0.0,5500.0,DEVOPS
Daniel Thompson,0.0,4200.0,FINANCE
Ella Davis,0.0,6000.0,HR
Liam Wilson,0.0,5400.0,DEVOPS
Ava Baker,0.0,4700.0,FINANCE
Michael Turner,0.0,6400.0,HR
Olivia Phillips,0.0,5800.0,DEVOPS
Matthew Davis,0.0,4600.0,FINANCE
Sophia Adams,0.0,5900.0,HR
Ethan Scott,0.0,6800.0,DEVOPS
Grace Thompson,0.0,4300.0,FINANCE
Samuel Hill,0.0,6200.0,HR
Emma Wilson,0.0,5700.0,DEVOPS
Daniel Baker,0.0,4800.0,FINANCE
Lily Davis,0.0,6000.0,HR
Jacob Wilson,0.0,5500.0,DEVOPS
Emily Harris,0.0,4500.0,FINANCE
Nathan Johnson,0.0,7000.0,HR
Sophia Turner,0.0,5200.0,DEVOPS
Daniel Anderson,0.0,4000.0,FINANCE
Lily Davis,0.0,6700.0,HR
Jacob Wilson,0.0,5200.0,DEVOPS
Emily Harris,0.0,4800.0,FINANCE
Nathan Johnson,0.0,7200.0,HR
Sophia Turner,0.0,5500.0,DEVOPS
Daniel Anderson,0.0,4100.0,FINANCE
Olivia Martinez,0.0,6900.0,HR
Christopher Clark,0.0,5400.0,DEVOPS
Ava Walker,0.0,4900.0,FINANCE
Benjamin Adams,0.0,6500.0,HR
Emily Scott,0.0,5300.0,DEVOPS
William Baker,0.0,4600.0,FINANCE
Ella Thompson,0.0,6700.0,HR
Michael Wilson,0.0,5200.0,DEVOPS
Sophia Davis,0.0,5000.0,FINANCE
James Roberts,0.0,6400.0,HR
Olivia Mitchell,0.0,5700.0,DEVOPS
Daniel Reed,0.0,4500.0,FINANCE
Emma Hill,0.0,6800.0,HR
Matthew Phillips,0.0,5500.0,DEVOPS
Grace Turner,0.0,4800.0,FINANCE
Ethan Adams,0.0,6300.0,HR
Samantha Mitchell,0.0,6700.0,DEVOPS
Joseph Thompson,0.0,4300.0,FINANCE
Avery Davis,0.0,6500.0,HR
Elizabeth Wilson,0.0,5600.0,DEVOPS
Benjamin Baker,0.0,5200.0,FINANCE
Mia Turner,0.0,6900.0,HR
Samuel Scott,0.0,5500.0,DEVOPS
Sophia Hill,0.0,2.0,FINANCE
Liyana Patel,0.0,6700.0,HR
Adnan Khan,0.0,5200.0,DEVOPS
Sofia Nguyen,0.0,4800.0,FINANCE
Hiroshi Yamamoto,0.0,7200.0,HR
Amara Ali,0.0,5500.0,DEVOPS
Priya Rao,0.0,4100.0,FINANCE
Leila Hassan,0.0,6900.0,HR
Rohan Gupta,0.0,5400.0,DEVOPS
Mia Kim,0.0,4900.0,FINANCE
Santiago Morales,0.0,6500.0,HR
Aisha Rahman,0.0,5300.0,DEVOPS
Muhammad Khan,0.0,4600.0,FINANCE
Nina Lopez,0.0,6700.0,HR
Aliyah Khan,0.0,5200.0,DEVOPS
Kai Chen,0.0,5000.0,FINANCE
Aiden Patel,0.0,6400.0,HR
Sakura Takahashi,0.0,5700.0,DEVOPS
Javier Hernandez,0.0,4500.0,FINANCE
Amara Silva,0.0,6800.0,HR
Hiroshi Tanaka,0.0,5500.0,DEVOPS
Sophie Bouchard,0.0,4800.0,FINANCE
Yusuf Ahmed,0.0,6300.0,HR
Aaliyah Singh,0.0,6700.0,DEVOPS
Hannah Patel,0.0,4300.0,FINANCE
Zara Ali,0.0,6500.0,HR
Rohan Kapoor,0.0,5600.0,DEVOPS
Mila Nguyen,0.0,5200.0,FINANCE
Liam Patel,0.0,6900.0,HR
Hiroshi Suzuki,0.0,5500.0,DEVOPS
Sofia Costa,0.0,5000.0,FINANCE
Santiago Rodriguez,0.0,6800.0,HR
Aisha Khan,0.0,5700.0,DEVOPS
Muhammad Ali,0.0,4600.0,FINANCE
Nina Santos,0.0,6100.0,HR
Aliyah Kim,0.0,6700.0,DEVOPS
Kai Nguyen,0.0,4800.0,FINANCE
Aiden Gonzalez,0.0,6900.0,HR
Sakura Ito,0.0,5600.0,DEVOPS
Javier Morales,0.0,4700.0,FINANCE
Amara Lefebvre,0.0,6500.0,HR
Hiroshi Goto,0.0,5300.0,DEVOPS
Sophie Tremblay,0.0,4900.0,FINANCE
Zara Khan,0.0,6700.0,HR
Rohan Patel,0.0,5200.0,DEVOPS
Mila Kim,0.0,4800.0,FINANCE
Liam Nguyen,0.0,7200.0,HR
Hiroshi Rahman,0.0,5500.0,DEVOPS
Sofia Yamamoto,0.0,4100.0,FINANCE
Santiago Ali,0.0,6900.0,HR
Aisha Gupta,0.0,5400.0,DEVOPS
Muhammad Lopez,0.0,4900.0,FINANCE
Nina Hassan,0.0,6500.0,HR
Aliyah Yamamoto,0.0,5300.0,DEVOPS
Kai Nguyen,0.0,4600.0,FINANCE
Aiden Khan,0.0,6700.0,HR
Sakura Patel,0.0,5200.0,DEVOPS
Javier Kim,0.0,5000.0,FINANCE
Amara Nguyen,0.0,6400.0,HR
Hiroshi Ali,0.0,5700.0,DEVOPS
Sophie Chen,0.0,4500.0,FINANCE
Santiago Singh,0.0,6800.0,HR
Aisha Gupta,0.0,5500.0,DEVOPS
Muhammad Khan,0.0,4800.0,FINANCE
Nina Morales,0.0,6300.0,HR
Aliyah Lopez,0.0,6700.0,DEVOPS
Kai Hernandez,0.0,4300.0,FINANCE
Aiden Silva,0.0,6500.0,HR
Sakura Tanaka,0.0,5600.0,DEVOPS
Javier Bouchard,0.0,5200.0,FINANCE
Amara Patel,0.0,6900.0,HR
Hiroshi Silva,0.0,5500.0,DEVOPS
Sophie Hernandez,0.0,5000.0,FINANCE
Santiago Costa,0.0,6800.0,HR
Aisha Nguyen,0.0,5700.0,DEVOPS
Muhammad Ali,0.0,4600.0,FINANCE
Nina Singh,0.0,6100.0,HR
Aliyah Yamamoto,0.0,6700.0,DEVOPS
Kai Gonzalez,0.0,4800.0,FINANCE
Aiden Kim,0.0,6900.0,HR
Sakura Lefebvre,0.0,5600.0,DEVOPS
Javier Goto,0.0,4700.0,FINANCE
Amara Tremblay,0.0,6500.0,HR
Hiroshi Santos,0.0,5300.0,DEVOPS
Sophie Ito,0.0,4900.0,FINANCE
Zara Patel,0.0,6700.0,HR
Rohan Khan,0.0,5200.0,DEVOPS
Mila Nguyen,0.0,4800.0,FINANCE
Liam Ali,0.0,7200.0,HR
Hiroshi Kim,0.0,5500.0,DEVOPS
Sofia Yamamoto,0.0,4100.0,FINANCE
Santiago Rahman,0.0,6900.0,HR
Aisha Gupta,0.0,5400.0,DEVOPS
Muhammad Lopez,0.0,4900.0,FINANCE
Nina Chen,0.0,6500.0,HR
Aliyah Ali,0.0,5300.0,DEVOPS
Kai Nguyen,0.0,4600.0,FINANCE
Aiden Khan,0.0,6700.0,HR
Sakura Patel,0.0,5200.0,DEVOPS
Javier Kim,0.0,5000.0,FINANCE
Amara Nguyen,0.0,6400.0,HR
Hiroshi Ali,0.0,5700.0,DEVOPS
Sophie Chen,0.0,4500.0,FINANCE
Santiago Singh,0.0,6800.0,HR
Aisha Gupta,0.0,5500.0,DEVOPS
Muhammad Khan,0.0,4800.0,FINANCE
Nina Morales,0.0,6300.0,HR
Aliyah Lopez,0.0,6700.0,DEVOPS
Kai Hernandez,0.0,4300.0,FINANCE
Aiden Silva,0.0,6500.0,HR
Sakura Tanaka,0.0,5600.0,DEVOPS
Javier Bouchard,0.0,5200.0,FINANCE
Amara Patel,0.0,6900.0,HR
Hiroshi Silva,0.0,5500.0,DEVOPS
Sophie Hernandez,0.0,5000.0,FINANCE
Santiago Costa,0.0,6800.0,HR
Aisha Nguyen,0.0,5700.0,DEVOPS
Muhammad Ali,0.0,4600.0,FINANCE
Nina Singh,0.0,6100.0,HR
Aliyah Yamamoto,0.0,6700.0,DEVOPS
Kai Gonzalez,0.0,4800.0,FINANCE
Aiden Kim,0.0,6900.0,HR
Sakura Lefebvre,0.0,5600.0,DEVOPS
Javier Goto,0.0,4700.0,FINANCE
Amara Tremblay,0.0,6500.0,HR
Hiroshi Santos,0.0,5300.0,DEVOPS
Sophie Ito,0.0,4900.0,FINANCE
Zara Khan,0.0,6700.0,HR
Rohan Patel,0.0,5200.0,DEVOPS
Mila Nguyen,0.0,4800.0,FINANCE
Liam Ali,0.0,7200.0,HR
Hiroshi Kim,0.0,5500.0,DEVOPS
Sofia Yamamoto,0.0,4100.0,FINANCE
Santiago Rahman,0.0,6900.0,HR
Aisha Gupta,0.0,5400.0,DEVOPS
Muhammad Lopez,0.0,4900.0,FINANCE
Nina Chen,0.0,6500.0,HR
Aliyah Ali,0.0,5300.0,DEVOPS
Kai Nguyen,0.0,4600.0,FINANCE
Aiden Khan,0.0,6700.0,HR
Sakura Patel,0.0,5200.0,DEVOPS
Javier Kim,0.0,5000.0,FINANCE
Amara Nguyen,0.0,6400.0,HR
Hiroshi Ali,0.0,5700.0,DEVOPS
Sophie Chen,0.0,4500.0,FINANCE
Santiago Singh,0.0,6800.0,HR
Aisha Gupta,0.0,5500.0,DEVOPS
Muhammad Khan,0.0,4800.0,FINANCE
Nina Morales,0.0,6300.0,HR
Aliyah Lopez,0.0,6700.0,DEVOPS
Kai Hernandez,0.0,4300.0,FINANCE
Aiden Silva,0.0,6500.0,HR
Sakura Tanaka,0.0,5600.0,DEVOPS
Javier Bouchard,0.0,5200.0,FINANCE
Amara Patel,0.0,6900.0,HR
Hiroshi Silva,0.0,5500.0,DEVOPS
Sophie Hernandez,0.0,5000.0,FINANCE
Santiago Costa,0.0,6800.0,HR
Aisha Nguyen,0.0,5700.0,DEVOPS
Muhammad Ali,0.0,4600.0,FINANCE
Nina Singh,0.0,6100.0,HR
Aliyah Yamamoto,0.0,6700.0,DEVOPS
Kai Gonzalez,0.0,4800.0,FINANCE
Aiden Kim,0.0,6900.0,HR
Sakura Lefebvre,0.0,5600.0,DEVOPS
Javier Goto,0.0,4700.0,FINANCE
Amara Tremblay,0.0,6500.0,HR
Hiroshi Santos,0.0,5300.0,DEVOPS
Sophie Ito,0.0,4900.0,FINANCE
Zara Patel,0.0,6700.0,HR
Rohan Khan,0.0,5200.0,DEVOPS
Mila Nguyen,0.0,4800.0,FINANCE
Liam Ali,0.0,7200.0,HR
Hiroshi Kim,0.0,5500.0,DEVOPS
Sofia Yamamoto,0.0,4100.0,FINANCE
Santiago Rahman,0.0,6900.0,HR
Aisha Gupta,0.0,5400.0,DEVOPS
Muhammad Lopez,0.0,4900.0,FINANCE
Nina Chen,0.0,6500.0,HR
Aliyah Ali,0.0,5300.0,DEVOPS
Kai Nguyen,0.0,4600.0,FINANCE
Aiden Khan,0.0,6700.0,HR
Sakura Patel,0.0,5200.0,DEVOPS
Javier Kim,0.0,5000.0,FINANCE
Amara Nguyen,0.0,6400.0,HR
Hiroshi Ali,0.0,5700.0,DEVOPS
Sophie Chen,0.0,4500.0,FINANCE
Santiago Singh,0.0,6800.0,HR
Aisha Gupta,0.0,5500.0,DEVOPS
Muhammad Khan,0.0,4800.0,FINANCE
Nina Morales,0.0,6300.0,HR
Aliyah Lopez,0.0,6700.0,DEVOPS
Kai Hernandez,0.0,4300.0,FINANCE
Aiden Silva,0.0,6500.0,HR
Sakura Tanaka,0.0,5600.0,DEVOPS
Javier Bouchard,0.0,5200.0,FINANCE
Amara Patel,0.0,6900.0,HR
Hiroshi Silva,0.0,5500.0,DEVOPS
Sophie Hernandez,0.0,5000.0,FINANCE
Santiago Costa,0.0,6800.0,HR
Aisha Nguyen,0.0,5700.0,DEVOPS
Muhammad Ali,0.0,4600.0,FINANCE
Nina Singh,0.0,6100.0,HR
Aliyah Yamamoto,0.0,6700.0,DEVOPS
Kai Gonzalez,0.0,4800.0,FINANCE
Aiden Kim,0.0,6900.0,HR
Sakura Lefebvre,0.0,5600.0,DEVOPS
Javier Goto,0.0,4700.0,FINANCE
Amara Tremblay,0.0,6500.0,HR
Hiroshi Santos,0.0,5300.0,DEVOPS
Sophie Ito,0.0,4900.0,FINANCE
Zara Khan,0.0,6700.0,HR
Rohan Patel,0.0,5200.0,DEVOPS
Mila Nguyen,0.0,4800.0,FINANCE
Liam Ali,0.0,7200.0,HR
Hiroshi Kim,0.0,5500.0,DEVOPS
Sofia Yamamoto,0.0,4100.0,FINANCE
Santiago Rahman,0.0,6900.0,HR
Aisha Gupta,0.0,5400.0,DEVOPS
Muhammad Lopez,0.0,4900.0,FINANCE
Nina Chen,0.0,6500.0,HR
Aliyah Ali,0.0,5300.0,DEVOPS
Kai Nguyen,0.0,4600.0,FINANCE
Aiden Khan,0.0,6700.0,HR
Sakura Patel,0.0,5200.0,DEVOPS
Javier Kim,0.0,5000.0,FINANCE
Amara Nguyen,0.0,6400.0,HR
Hiroshi Ali,0.0,5700.0,DEVOPS
Sophie Chen,0.0,4500.0,FINANCE
Santiago Singh,0.0,6800.0,HR
Aisha Gupta,0.0,5500.0,DEVOPS
Muhammad Khan,0.0,4800.0,FINANCE
Nina Morales,0.0,6300.0,HR
Aliyah Lopez,0.0,6700.0,DEVOPS
Kai Hernandez,0.0,4300.0,FINANCE
Aiden Silva,0.0,6500.0,HR
Sakura Tanaka,0.0,5600.0,DEVOPS
Javier Bouchard,0.0,5200.0,FINANCE
Amara Patel,0.0,6900.0,HR
Hiroshi Silva,0.0,5500.0,DEVOPS
Sophie Hernandez,0.0,5000.0,FINANCE
Santiago Costa,0.0,6800.0,HR
Aisha Nguyen,0.0,5700.0,DEVOPS
Muhammad Ali,0.0,4600.0,FINANCE
Nina Singh,0.0,6100.0,HR
Aliyah Yamamoto,0.0,6700.0,DEVOPS
Kai Gonzalez,0.0,4800.0,FINANCE
Aiden Kim,0.0,6900.0,HR
Sakura Lefebvre,0.0,5600.0,DEVOPS
Javier Goto,0.0,4700.0,FINANCE
Amara Tremblay,0.0,6500.0,HR
Hiroshi Santos,0.0,5300.0,DEVOPS
Sophie Ito,0.0,4900.0,FINANCE
Zara Khan,0.0,6700.0,HR
Rohan Patel,0.0,5200.0,DEVOPS
Mila Nguyen,0.0,4800.0,FINANCE
Liam Ali,0.0,7200.0,HR
Hiroshi Kim,0.0,5500.0,DEVOPS
Sofia Yamamoto,0.0,4100.0,FINANCE
Santiago Rahman,0.0,6900.0,HR
Aisha Gupta,0.0,5400.0,DEVOPS
Muhammad Lopez,0.0,4900.0,FINANCE
Nina Chen,0.0,6500.0,HR
Aliyah Ali,0.0,5300.0,DEVOPS
Kai Nguyen,0.0,4600.0,FINANCE
Aiden Khan,0.0,6700.0,HR
Sakura Patel,0.0,5200.0,DEVOPS
Javier Kim,0.0,5000.0,FINANCE
Amara Nguyen,0.0,6400.0,HR
Hiroshi Ali,0.0,5700.0,DEVOPS
Sophie Chen,0.0,4500.0,FINANCE
Santiago Singh,0.0,6800.0,HR
Aisha Gupta,0.0,5500.0,DEVOPS
Muhammad Khan,0.0,4800.0,FINANCE
Nina Morales,0.0,6300.0,HR
Aliyah Lopez,0.0,6700.0,DEVOPS
Kai Hernandez,0.0,4300.0,FINANCE
Aiden Silva,0.0,6500.0,HR
Sakura Tanaka,0.0,5600.0,DEVOPS
Javier Bouchard,0.0,5200.0,FINANCE
Amara Patel,0.0,6900.0,HR
Hiroshi Silva,0.0,5500.0,DEVOPS
Sophie Hernandez,0.0,5000.0,FINANCE
Santiago Costa,0.0,6800.0,HR
Zara Patel,0.0,6700.0,HR
Rohan Khan,0.0,5200.0,DEVOPS
Mila Nguyen,0.0,4800.0,FINANCE
Liam Ali,0.0,7200.0,HR
Hiroshi Kim,0.0,5500.0,DEVOPS
Sofia Yamamoto,0.0,4100.0,FINANCE
Santiago Rahman,0.0,6900.0,HR
Aisha Gupta,0.0,5400.0,DEVOPS
Muhammad Lopez,0.0,4900.0,FINANCE
Nina Chen,0.0,6500.0,HR
Aliyah Ali,0.0,5300.0,DEVOPS
Kai Nguyen,0.0,4600.0,FINANCE
Aiden Khan,0.0,6700.0,HR
Sakura Patel,0.0,5200.0,DEVOPS
Javier Kim,0.0,5000.0,FINANCE
Amara Nguyen,0.0,6400.0,HR
Hiroshi Ali,0.0,5700.0,DEVOPS
Sophie Chen,0.0,4500.0,FINANCE
Santiago Singh,0.0,6800.0,HR
Aisha Gupta,0.0,5500.0,DEVOPS
Muhammad Khan,0.0,4800.0,FINANCE
Nina Morales,0.0,6300.0,HR
Aliyah Lopez,0.0,6700.0,DEVOPS
Kai Hernandez,0.0,4300.0,FINANCE
Aiden Silva,0.0,6500.0,HR
Sakura Tanaka,0.0,5600.0,DEVOPS
Javier Bouchard,0.0,5200.0,FINANCE
Amara Patel,0.0,6900.0,HR
Hiroshi Silva,0.0,5500.0,DEVOPS
Sophie Hernandez,0.0,5000.0,FINANCE
Santiago Costa,0.0,6800.0,HR
Aisha Nguyen,0.0,5700.0,DEVOPS
Muhammad Ali,0.0,4600.0,FINANCE
Nina Singh,0.0,6100.0,HR
Aliyah Yamamoto,0.0,6700.0,DEVOPS
Kai Gonzalez,0.0,4800.0,FINANCE
Aiden Kim,0.0,6900.0,HR
Sakura Lefebvre,0.0,5600.0,DEVOPS
Javier Goto,0.0,4700.0,FINANCE
Amara Tremblay,0.0,6500.0,HR
Hiroshi Santos,0.0,5300.0,DEVOPS
Sophie Ito,0.0,4900.0,FINANCE
Zara Khan,0.0,6700.0,HR
Rohan Patel,0.0,5200.0,DEVOPS
Mila Nguyen,0.0,4800.0,FINANCE
Liam Ali,0.0,7200.0,HR
Hiroshi Kim,0.0,5500.0,DEVOPS
Sofia Yamamoto,0.0,4100.0,FINANCE
Santiago Rahman,0.0,6900.0,HR
Aisha Gupta,0.0,5400.0,DEVOPS
Muhammad Lopez,0.0,4900.0,FINANCE
Nina Chen,0.0,6500.0,HR
Aliyah Ali,0.0,5300.0,DEVOPS
Kai Nguyen,0.0,4600.0,FINANCE
Aiden Khan,0.0,6700.0,HR
Sakura Patel,0.0,5200.0,DEVOPS
Javier Kim,0.0,5000.0,FINANCE
Amara Nguyen,0.0,6400.0,HR
Hiroshi Ali,0.0,5700.0,DEVOPS
Sophie Chen,0.0,4500.0,FINANCE
Santiago Singh,0.0,6800.0,HR
Aisha Gupta,0.0,5500.0,DEVOPS
Muhammad Khan,0.0,4800.0,FINANCE
Nina Morales,0.0,6300.0,HR
Aliyah Lopez,0.0,6700.0,DEVOPS
Kai Hernandez,0.0,4300.0,FINANCE
Aiden Silva,0.0,6500.0,HR
Sakura Tanaka,0.0,5600.0,DEVOPS
Javier Bouchard,0.0,5200.0,FINANCE
Amara Patel,0.0,6900.0,HR
Hiroshi Silva,0.0,5500.0,DEVOPS
Sophie Hernandez,0.0,5000.0,FINANCE
Santiago Costa,0.0,6800.0,HR
Aisha Nguyen,0.0,5700.0,DEVOPS
Muhammad Ali,0.0,4600.0,FINANCE
Nina Singh,0.0,6100.0,HR
Aliyah Yamamoto,0.0,6700.0,DEVOPS
Kai Gonzalez,0.0,4800.0,FINANCE
Aiden Kim,0.0,6900.0,HR
Sakura Lefebvre,0.0,5600.0,DEVOPS
Javier Goto,0.0,4700.0,FINANCE
Amara Tremblay,0.0,6500.0,HR
Hiroshi Santos,0.0,5300.0,DEVOPS
Sophie Ito,0.0,4900.0,FINANCE
Zara Patel,0.0,6700.0,HR
Rohan Khan,0.0,5200.0,DEVOPS
Mila Nguyen,0.0,4800.0,FINANCE
Liam Ali,0.0,7200.0,HR
Hiroshi Kim,0.0,5500.0,DEVOPS
Sofia Yamamoto,0.0,4100.0,FINANCE
Santiago Rahman,0.0,6900.0,HR
Aisha Gupta,0.0,5400.0,DEVOPS
Muhammad Lopez,0.0,4900.0,FINANCE
Nina Chen,0.0,6500.0,HR
Aliyah Ali,0.0,5300.0,DEVOPS
Kai Nguyen,0.0,4600.0,FINANCE
Aiden Khan,0.0,6700.0,HR
Sakura Patel,0.0,5200.0,DEVOPS
Javier Kim,0.0,5000.0,FINANCE
Amara Nguyen,0.0,6400.0,HR
Hiroshi Ali,0.0,5700.0,DEVOPS
Sophie Chen,0.0,4500.0,FINANCE
Santiago Singh,0.0,6800.0,HR
Aisha Gupta,0.0,5500.0,DEVOPS
Muhammad Khan,0.0,4800.0,FINANCE
Nina Morales,0.0,6300.0,HR
Aliyah Lopez,0.0,6700.0,DEVOPS
Kai Hernandez,0.0,4300.0,FINANCE
Aiden Silva,0.0,6500.0,HR
Sakura Tanaka,0.0,5600.0,DEVOPS
Javier Bouchard,0.0,5200.0,FINANCE
Amara Patel,0.0,6900.0,HR
Hiroshi Silva,0.0,5500.0,DEVOPS
Sophie Hernandez,0.0,5000.0,FINANCE
Santiago Costa,0.0,6800.0,HR
Aisha Nguyen,0.0,5700.0,DEVOPS
Muhammad Ali,0.0,4600.0,FINANCE
Nina Singh,0.0,6100.0,HR
Aliyah Yamamoto,0.0,6700.0,DEVOPS
Kai Gonzalez,0.0,4800.0,FINANCE
Aiden Kim,0.0,6900.0,HR
Sakura Lefebvre,0.0,5600.0,DEVOPS
Javier Goto,0.0,4700.0,FINANCE
Amara Tremblay,0.0,6500.0,HR
Hiroshi Santos,0.0,5300.0,DEVOPS
Sophie Ito,0.0,4900.0,FINANCE
Emily Davis,0.0,3900.0,HR
David Wilson,0.0,4400.0,DEVOPS
Sarah Thompson,0.0,3500.0,FINANCE
Matthew Harris,0.0,4100.0,HR
Jessica Martinez,0.0,3600.0,DEVOPS
Daniel Robinson,0.0,3000.0,FINANCE
Olivia Taylor,0.0,3800.0,HR
Christopher Walker,0.0,4300.0,DEVOPS
Sophia Thomas,0.0,3200.0,FINANCE
James White,0.0,4000.0,HR
Ava Garcia,0.0,3700.0,DEVOPS
Daniel Brown,0.0,3100.0,FINANCE
Mia Lee,0.0,4200.0,HR
Ethan Green,0.0,3900.0,DEVOPS
Amelia Clark,0.0,3400.0,FINANCE
Alexander Baker,0.0,3800.0,HR
Sophia Rodriguez,0.0,4322200.0,DEVOPS
Ethan Adams,0.0,3300.0,FINANCE
Emily Campbell,0.0,4000.0,HR
William Martinez,0.0,3900.0,DEVOPS
Grace Wright,0.0,3100.0,FINANCE
Daniel Anderson,0.0,3900.0,HR
Emma Mitchell,0.0,4000.0,DEVOPS
Benjamin Bell,0.0,3200.0,FINANCE
Abigail King,0.0,3800.0,HR
Joshua Turner,0.0,4100.0,DEVOPS
Sofia Hill,0.0,3500.0,FINANCE
Samuel Cooper,0.0,4000.0,HR
Avery Scott,0.0,3700.0,DEVOPS
Victoria Reed,0.0,3300.0,FINANCE
Joseph Johnson,0.0,4100.0,HR
Ella Morris,0.0,3600.0,DEVOPS
Henry Peterson,0.0,3200.0,FINANCE
Lillian Bailey,0.0,3900.0,HR
Jackson Rogers,0.0,4200.0,DEVOPS
Elizabeth Cook,0.0,3400.0,FINANCE
Andrew Bennett,0.0,4000.0,HR
Madison Adams,0.0,3800.0,DEVOPS
Samuel Foster,0.0,3100.0,FINANCE
Scarlett Wright,0.0,4000.0,HR
David Turner,0.0,3900.0,DEVOPS
Natalie Thompson,0.0,3300.0,FINANCE
Sebastian Walker,0.0,4100.0,HR
Aria Hall,0.0,3600.0,DEVOPS
Michael Phillips,0.0,3200.0,FINANCE
Chloe Butler,0.0,3900.0,HR
Andrew Young,0.0,4200.0,DEVOPS
Grace Hill,0.0,3400.0,FINANCE
Ryan James,0.0,4100.0,HR
Samantha Wright,0.0,3700.0,DEVOPS
Jonathan Morgan,0.0,3300.0,FINANCE
Hailey Reed,0.0,3800.0,HR
Nathan Gray,0.0,4200.0,DEVOPS
Lily Stewart,0.0,3200.0,FINANCE
Ryan Adams,0.0,4000.0,HR
Samantha Phillips,0.0,3800.0,DEVOPS
Christopher Turner,0.0,3100.0,FINANCE
Madison Cooper,0.0,3900.0,HR
Henry Wilson,0.0,4300.0,DEVOPS
Victoria Harris,0.0,3300.0,FINANCE
Gabriel Thompson,0.0,4100.0,HR
Evelyn Martinez,0.0,3700.0,DEVOPS
Jonathan Robinson,0.0,3200.0,FINANCE
Charlotte Davis,0.0,3900.0,HR
Daniel Garcia,0.0,4000.0,DEVOPS
Olivia Wright,0.0,3400.0,FINANCE
Samuel Baker,0.0,3800.0,HR
Sophia Adams,0.0,4200.0,DEVOPS
William Green,0.0,3300.0,FINANCE
Ava Clark,0.0,4000.0,HR
Joseph Rodriguez,0.0,3900.0,DEVOPS
Abigail Turner,0.0,3200.0,FINANCE
Noah White,0.0,4000.0,HR
Emily Wilson,0.0,3700.0,DEVOPS
James Foster,0.0,3300.0,FINANCE
Sophia Bell,0.0,4100.0,HR
Mason King,0.0,3600.0,DEVOPS
Grace Peterson,0.0,3200.0,FINANCE
Liam Wright,0.0,3900.0,HR
Isabella Adams,0.0,4200.0,DEVOPS
Alexander Scott,0.0,3400.0,FINANCE
Mia Reed,0.0,4000.0,HR
Ethan Turner,0.0,3900.0,DEVOPS
Avery Thompson,0.0,3300.0,FINANCE
Ella Walker,0.0,4100.0,HR
Daniel Mitchell,0.0,3600.0,DEVOPS
Lillian Baker,0.0,3200.0,FINANCE
Jackson Hill,0.0,3900.0,HR
Emma Turner,0.0,4200.0,DEVOPS
Benjamin Reed,0.0,3400.0,FINANCE
Ava Bennett,0.0,4100.0,HR
William Adams,0.0,3800.0,DEVOPS
Sofia Foster,0.0,3300.0,FINANCE
Samuel Wright,0.0,4000.0,HR
Ella Phillips,0.0,3900.0,DEVOPS
Henry Thompson,0.0,3200.0,FINANCE
Lily Davis,0.0,3800.0,HR
Jacob Wilson,0.0,4300.0,DEVOPS
Emily Harris,0.0,3300.0,FINANCE
Samuel Wright,0.0,4000.0,HR
Ella Phillips,0.0,3900.0,DEVOPS
Henry Thompson,0.0,3200.0,FINANCE
Lily Davis,0.0,3800.0,HR
Jacob Wilson,0.0,4300.0,DEVOPS
Emily Harris,0.0,3300.0,FINANCE
Nathan Johnson,0.0,4200.0,HR
Sophia Turner,0.0,3800.0,DEVOPS
Daniel Anderson,0.0,3200.0,FINANCE
Olivia Martinez,0.0,4100.0,HR
Christopher Clark,0.0,3700.0,DEVOPS
Ava Walker,0.0,3300.0,FINANCE
Benjamin Adams,0.0,4000.0,HR
Emily Scott,0.0,3800.0,DEVOPS
William Baker,0.0,3100.0,FINANCE
Ella Thompson,0.0,3900.0,HR
Michael Wilson,0.0,4200.0,DEVOPS
Sophia Davis,0.0,3400.0,FINANCE
James Roberts,0.0,4100.0,HR
Olivia Mitchell,0.0,3700.0,DEVOPS
Daniel Reed,0.0,3300.0,FINANCE
Emma Hill,0.0,4000.0,HR
Matthew Phillips,0.0,3800.0,DEVOPS
Grace Turner,0.0,3200.0,FINANCE
Ethan Adams,0.0,3900.0,HR
Samantha Mitchell,0.0,4200.0,DEVOPS
Joseph Thompson,0.0,3300.0,FINANCE
Avery Davis,0.0,4100.0,HR
Elizabeth Wilson,0.0,3700.0,DEVOPS
Benjamin Baker,0.0,3400.0,FINANCE
Mia Turner,0.0,4000.0,HR
Samuel Scott,0.0,3800.0,DEVOPS
Sophia Hill,0.0,3200.0,FINANCE
Jackson Adams,0.0,3900.0,HR
Emily Mitchell,0.0,4200.0,DEVOPS
Daniel Thompson,0.0,3300.0,FINANCE
Ella Davis,0.0,4100.0,HR
Liam Wilson,0.0,3700.0,DEVOPS
Ava Baker,0.0,3400.0,FINANCE
Michael Turner,0.0,4000.0,HR
Olivia Phillips,0.0,3800.0,DEVOPS
Matthew Davis,0.0,3200.0,FINANCE
Sophia Adams,0.0,3900.0,HR
Ethan Scott,0.0,4200.0,DEVOPS
Grace Thompson,0.0,3300.0,FINANCE
Samuel Hill,0.0,4100.0,HR
Emma Wilson,0.0,3700.0,DEVOPS
Daniel Baker,0.0,3400.0,FINANCE
Lily Davis,0.0,4000.0,HR
Jacob Wilson,0.0,3900.0,DEVOPS
Emily Harris,0.0,3200.0,FINANCE
Nathan Johnson,0.0,3800.0,HR
Sophia Turner,0.0,4300.0,DEVOPS
Daniel Anderson,0.0,3300.0,FINANCE
Olivia Martinez,0.0,4000.0,HR
Christopher Clark,0.0,3900.0,DEVOPS
Ava Walker,0.0,3200.0,FINANCE
Benjamin Adams,0.0,4100.0,HR
Emily Scott,0.0,3700.0,DEVOPS
William Baker,0.0,3400.0,FINANCE
Ella Thompson,0.0,4000.0,HR
Michael Wilson,0.0,3800.0,DEVOPS
Sophia Davis,0.0,3300.0,FINANCE
James Roberts,0.0,3900.0,HR
Olivia Mitchell,0.0,4200.0,DEVOPS
Daniel Reed,0.0,3200.0,FINANCE
Emma Hill,0.0,4000.0,HR
Matthew Phillips,0.0,3700.0,DEVOPS
Grace Turner,0.0,3400.0,FINANCE
Ethan Adams,0.0,3900.0,HR
Samantha Mitchell,0.0,4300.0,DEVOPS
Joseph Thompson,0.0,3300.0,FINANCE
Avery Davis,0.0,4000.0,HR
Elizabeth Wilson,0.0,3800.0,DEVOPS
Benjamin Baker,0.0,3200.0,FINANCE
Mia Turner,0.0,3900.0,HR
Samuel Scott,0.0,4200.0,DEVOPS
Sophia Hill,0.0,3400.0,FINANCE
Jackson Adams,0.0,4000.0,HR
Emily Mitchell,0.0,3700.0,DEVOPS
Daniel Thompson,0.0,3300.0,FINANCE
Ella Davis,0.0,3900.0,HR
Liam Wilson,0.0,4300.0,DEVOPS
Ava Baker,0.0,3200.0,FINANCE
Michael Turner,0.0,4000.0,HR
Olivia Phillips,0.0,3800.0,DEVOPS
Matthew Davis,0.0,3400.0,FINANCE
Sophia Adams,0.0,3900.0,HR
Ethan Scott,0.0,4200.0,DEVOPS
Grace Thompson,0.0,3300.0,FINANCE
Samuel Hill,0.0,4000.0,HR
Emma Wilson,0.0,3700.0,DEVOPS
Daniel Baker,0.0,3200.0,FINANCE
Lily Davis,0.0,3900.0,HR
Jacob Wilson,0.0,4300.0,DEVOPS
Emily Harris,0.0,3400.0,FINANCE
Nathan Johnson,0.0,4000.0,HR
Sophia Turner,0.0,3800.0,DEVOPS
Daniel Anderson,0.0,3300.0,FINANCE
Lily Davis,0.0,6000.0,HR
Jacob Wilson,0.0,5500.0,DEVOPS
Emily Harris,0.0,4500.0,FINANCE
Nathan Johnson,0.0,7000.0,HR
Sophia Turner,0.0,5200.0,DEVOPS
Daniel Anderson,0.0,4000.0,FINANCE
Olivia Martinez,0.0,6200.0,HR
Christopher Clark,0.0,5800.0,DEVOPS
Ava Walker,0.0,4800.0,FINANCE
Benjamin Adams,0.0,6500.0,HR
Emily Scott,0.0,5300.0,DEVOPS
William Baker,0.0,4200.0,FINANCE
Ella Thompson,0.0,6100.0,HR
Michael Wilson,0.0,5400.0,DEVOPS
Sophia Davis,0.0,4700.0,FINANCE
James Roberts,0.0,6400.0,HR
Olivia Mitchell,0.0,5700.0,DEVOPS
Daniel Reed,0.0,4400.0,FINANCE
Emma Hill,0.0,6000.0,HR
Matthew Phillips,0.0,5500.0,DEVOPS
Grace Turner,0.0,4600.0,FINANCE
Ethan Adams,0.0,5900.0,HR
Samantha Mitchell,0.0,6800.0,DEVOPS
Joseph Thompson,0.0,4300.0,FINANCE
Avery Davis,0.0,6300.0,HR
Elizabeth Wilson,0.0,5700.0,DEVOPS
Benjamin Baker,0.0,4800.0,FINANCE
Mia Turner,0.0,6200.0,HR
Samuel Scott,0.0,5600.0,DEVOPS
Sophia Hill,0.0,4900.0,FINANCE
Jackson Adams,0.0,6100.0,HR
Emily Mitchell,0.0,5500.0,DEVOPS
Daniel Thompson,0.0,4200.0,FINANCE
Ella Davis,0.0,6000.0,HR
Liam Wilson,0.0,5400.0,DEVOPS
Ava Baker,0.0,4700.0,FINANCE
Michael Turner,0.0,6400.0,HR
Olivia Phillips,0.0,5800.0,DEVOPS
Matthew Davis,0.0,4600.0,FINANCE
Sophia Adams,0.0,5900.0,HR
Ethan Scott,0.0,6800.0,DEVOPS
Grace Thompson,0.0,4300.0,FINANCE
Samuel Hill,0.0,6200.0,HR
Emma Wilson,0.0,5700.0,DEVOPS
Daniel Baker,0.0,4800.0,FINANCE
Lily Davis,0.0,6000.0,HR
Jacob Wilson,0.0,5500.0,DEVOPS
Emily Harris,0.0,4500.0,FINANCE
Nathan Johnson,0.0,7000.0,HR
Sophia Turner,0.0,5200.0,DEVOPS
Daniel Anderson,0.0,4000.0,FINANCE
Lily Davis,0.0,6700.0,HR
Jacob Wilson,0.0,5200.0,DEVOPS
Emily Harris,0.0,4800.0,FINANCE
Nathan Johnson,0.0,7200.0,HR
Sophia Turner,0.0,5500.0,DEVOPS
Daniel Anderson,0.0,4100.0,FINANCE
Olivia Martinez,0.0,6900.0,HR
Christopher Clark,0.0,5400.0,DEVOPS
Ava Walker,0.0,4900.0,FINANCE
Benjamin Adams,0.0,6500.0,HR
Emily Scott,0.0,5300.0,DEVOPS
William Baker,0.0,4600.0,FINANCE
Ella Thompson,0.0,6700.0,HR
Michael Wilson,0.0,5200.0,DEVOPS
Sophia Davis,0.0,5000.0,FINANCE
James Roberts,0.0,6400.0,HR
Olivia Mitchell,0.0,5700.0,DEVOPS
Daniel Reed,0.0,4500.0,FINANCE
Emma Hill,0.0,6800.0,HR
Matthew Phillips,0.0,5500.0,DEVOPS
Grace Turner,0.0,4800.0,FINANCE
Ethan Adams,0.0,6300.0,HR
Samantha Mitchell,0.0,6700.0,DEVOPS
Joseph Thompson,0.0,4300.0,FINANCE
Avery Davis,0.0,6500.0,HR
Elizabeth Wilson,0.0,5600.0,DEVOPS
Benjamin Baker,0.0,5200.0,FINANCE
Mia Turner,0.0,6900.0,HR
Samuel Scott,0.0,5500.0,DEVOPS
Sophia Hill,0.0,2.0,FINANCE
Liyana Patel,0.0,6700.0,HR
Adnan Khan,0.0,5200.0,DEVOPS
Sofia Nguyen,0.0,4800.0,FINANCE
Hiroshi Yamamoto,0.0,7200.0,HR
Amara Ali,0.0,5500.0,DEVOPS
Priya Rao,0.0,4100.0,FINANCE
Leila Hassan,0.0,6900.0,HR
Rohan Gupta,0.0,5400.0,DEVOPS
Mia Kim,0.0,4900.0,FINANCE
Santiago Morales,0.0,6500.0,HR
Aisha Rahman,0.0,5300.0,DEVOPS
Muhammad Khan,0.0,4600.0,FINANCE
Nina Lopez,0.0,6700.0,HR
Aliyah Khan,0.0,5200.0,DEVOPS
Kai Chen,0.0,5000.0,FINANCE
Aiden Patel,0.0,6400.0,HR
Sakura Takahashi,0.0,5700.0,DEVOPS
Javier Hernandez,0.0,4500.0,FINANCE
Amara Silva,0.0,6800.0,HR
Hiroshi Tanaka,0.0,5500.0,DEVOPS
Sophie Bouchard,0.0,4800.0,FINANCE
Yusuf Ahmed,0.0,6300.0,HR
Aaliyah Singh,0.0,6700.0,DEVOPS
Hannah Patel,0.0,4300.0,FINANCE
Zara Ali,0.0,6500.0,HR
Rohan Kapoor,0.0,5600.0,DEVOPS
Mila Nguyen,0.0,5200.0,FINANCE
Liam Patel,0.0,6900.0,HR
Hiroshi Suzuki,0.0,5500.0,DEVOPS
Sofia Costa,0.0,5000.0,FINANCE
Santiago Rodriguez,0.0,6800.0,HR
Aisha Khan,0.0,5700.0,DEVOPS
Muhammad Ali,0.0,4600.0,FINANCE
Nina Santos,0.0,6100.0,HR
Aliyah Kim,0.0,6700.0,DEVOPS
Kai Nguyen,0.0,4800.0,FINANCE
Aiden Gonzalez,0.0,6900.0,HR
Sakura Ito,0.0,5600.0,DEVOPS
Javier Morales,0.0,4700.0,FINANCE
Amara Lefebvre,0.0,6500.0,HR
Hiroshi Goto,0.0,5300.0,DEVOPS
Sophie Tremblay,0.0,4900.0,FINANCE
Zara Khan,0.0,6700.0,HR
Rohan Patel,0.0,5200.0,DEVOPS
Mila Kim,0.0,4800.0,FINANCE
Liam Nguyen,0.0,7200.0,HR
Hiroshi Rahman,0.0,5500.0,DEVOPS
Sofia Yamamoto,0.0,4100.0,FINANCE
Santiago Ali,0.0,6900.0,HR
Aisha Gupta,0.0,5400.0,DEVOPS
Muhammad Lopez,0.0,4900.0,FINANCE
Nina Hassan,0.0,6500.0,HR
Aliyah Yamamoto,0.0,5300.0,DEVOPS
Kai Nguyen,0.0,4600.0,FINANCE
Aiden Khan,0.0,6700.0,HR
Sakura Patel,0.0,5200.0,DEVOPS
Javier Kim,0.0,5000.0,FINANCE
Amara Nguyen,0.0,6400.0,HR
Hiroshi Ali,0.0,5700.0,DEVOPS
Sophie Chen,0.0,4500.0,FINANCE
Santiago Singh,0.0,6800.0,HR
Aisha Gupta,0.0,5500.0,DEVOPS
Muhammad Khan,0.0,4800.0,FINANCE
Nina Morales,0.0,6300.0,HR
Aliyah Lopez,0.0,6700.0,DEVOPS
Kai Hernandez,0.0,4300.0,FINANCE
Aiden Silva,0.0,6500.0,HR
Sakura Tanaka,0.0,5600.0,DEVOPS
Javier Bouchard,0.0,5200.0,FINANCE
Amara Patel,0.0,6900.0,HR
Hiroshi Silva,0.0,5500.0,DEVOPS
Sophie Hernandez,0.0,5000.0,FINANCE
Santiago Costa,0.0,6800.0,HR
Aisha Nguyen,0.0,5700.0,DEVOPS
Muhammad Ali,0.0,4600.0,FINANCE
Nina Singh,0.0,6100.0,HR
Aliyah Yamamoto,0.0,6700.0,DEVOPS
Kai Gonzalez,0.0,4800.0,FINANCE
Aiden Kim,0.0,6900.0,HR
Sakura Lefebvre,0.0,5600.0,DEVOPS
Javier Goto,0.0,4700.0,FINANCE
Amara Tremblay,0.0,6500.0,HR
Hiroshi Santos,0.0,5300.0,DEVOPS
Sophie Ito,0.0,4900.0,FINANCE
Zara Patel,0.0,6700.0,HR
Rohan Khan,0.0,5200.0,DEVOPS
Mila Nguyen,0.0,4800.0,FINANCE
Liam Ali,0.0,7200.0,HR
Hiroshi Kim,0.0,5500.0,DEVOPS
Sofia Yamamoto,0.0,4100.0,FINANCE
Santiago Rahman,0.0,6900.0,HR
Aisha Gupta,0.0,5400.0,DEVOPS
Muhammad Lopez,0.0,4900.0,FINANCE
Nina Chen,0.0,6500.0,HR
Aliyah Ali,0.0,5300.0,DEVOPS
Kai Nguyen,0.0,4600.0,FINANCE
Aiden Khan,0.0,6700.0,HR
Sakura Patel,0.0,5200.0,DEVOPS
Javier Kim,0.0,5000.0,FINANCE
Amara Nguyen,0.0,6400.0,HR
Hiroshi Ali,0.0,5700.0,DEVOPS
Sophie Chen,0.0,4500.0,FINANCE
Santiago Singh,0.0,6800.0,HR
Aisha Gupta,0.0,5500.0,DEVOPS
Muhammad Khan,0.0,4800.0,FINANCE
Nina Morales,0.0,6300.0,HR
Aliyah Lopez,0.0,6700.0,DEVOPS
Kai Hernandez,0.0,4300.0,FINANCE
Aiden Silva,0.0,6500.0,HR
Sakura Tanaka,0.0,5600.0,DEVOPS
Javier Bouchard,0.0,5200.0,FINANCE
Amara Patel,0.0,6900.0,HR
Hiroshi Silva,0.0,5500.0,DEVOPS
Sophie Hernandez,0.0,5000.0,FINANCE
Santiago Costa,0.0,6800.0,HR
Aisha Nguyen,0.0,5700.0,DEVOPS
Muhammad Ali,0.0,4600.0,FINANCE
Nina Singh,0.0,6100.0,HR
Aliyah Yamamoto,0.0,6700.0,DEVOPS
Kai Gonzalez,0.0,4800.0,FINANCE
Aiden Kim,0.0,6900.0,HR
Sakura Lefebvre,0.0,5600.0,DEVOPS
Javier Goto,0.0,4700.0,FINANCE
Amara Tremblay,0.0,6500.0,HR
Hiroshi Santos,0.0,5300.0,DEVOPS
Sophie Ito,0.0,4900.0,FINANCE
Zara Khan,0.0,6700.0,HR
Rohan Patel,0.0,5200.0,DEVOPS
Mila Nguyen,0.0,4800.0,FINANCE
Liam Ali,0.0,7200.0,HR
Hiroshi Kim,0.0,5500.0,DEVOPS
Sofia Yamamoto,0.0,4100.0,FINANCE
Santiago Rahman,0.0,6900.0,HR
Aisha Gupta,0.0,5400.0,DEVOPS
Muhammad Lopez,0.0,4900.0,FINANCE
Nina Chen,0.0,6500.0,HR
Aliyah Ali,0.0,5300.0,DEVOPS
Kai Nguyen,0.0,4600.0,FINANCE
Aiden Khan,0.0,6700.0,HR
Sakura Patel,0.0,5200.0,DEVOPS
Javier Kim,0.0,5000.0,FINANCE
Amara Nguyen,0.0,6400.0,HR
Hiroshi Ali,0.0,5700.0,DEVOPS
Sophie Chen,0.0,4500.0,FINANCE
Santiago Singh,0.0,6800.0,HR
Aisha Gupta,0.0,5500.0,DEVOPS
Muhammad Khan,0.0,4800.0,FINANCE
Nina Morales,0.0,6300.0,HR
Aliyah Lopez,0.0,6700.0,DEVOPS
Kai Hernandez,0.0,4300.0,FINANCE
Aiden Silva,0.0,6500.0,HR
Sakura Tanaka,0.0,5600.0,DEVOPS
Javier Bouchard,0.0,5200.0,FINANCE
Amara Patel,0.0,6900.0,HR
Hiroshi Silva,0.0,5500.0,DEVOPS
Sophie Hernandez,0.0,5000.0,FINANCE
Santiago Costa,0.0,6800.0,HR
Aisha Nguyen,0.0,5700.0,DEVOPS
Muhammad Ali,0.0,4600.0,FINANCE
Nina Singh,0.0,6100.0,HR
Aliyah Yamamoto,0.0,6700.0,DEVOPS
Kai Gonzalez,0.0,4800.0,FINANCE
Aiden Kim,0.0,6900.0,HR
Sakura Lefebvre,0.0,5600.0,DEVOPS
Javier Goto,0.0,4700.0,FINANCE
Amara Tremblay,0.0,6500.0,HR
Hiroshi Santos,0.0,5300.0,DEVOPS
Sophie Ito,0.0,4900.0,FINANCE
Zara Patel,0.0,6700.0,HR
Rohan Khan,0.0,5200.0,DEVOPS
Mila Nguyen,0.0,4800.0,FINANCE
Liam Ali,0.0,7200.0,HR
Hiroshi Kim,0.0,5500.0,DEVOPS
Sofia Yamamoto,0.0,4100.0,FINANCE
Santiago Rahman,0.0,6900.0,HR
Aisha Gupta,0.0,5400.0,DEVOPS
Muhammad Lopez,0.0,4900.0,FINANCE
Nina Chen,0.0,6500.0,HR
Aliyah Ali,0.0,5300.0,DEVOPS
Kai Nguyen,0.0,4600.0,FINANCE
Aiden Khan,0.0,6700.0,HR
Sakura Patel,0.0,5200.0,DEVOPS
Javier Kim,0.0,5000.0,FINANCE
Amara Nguyen,0.0,6400.0,HR
Hiroshi Ali,0.0,5700.0,DEVOPS
Sophie Chen,0.0,4500.0,FINANCE
Santiago Singh,0.0,6800.0,HR
Aisha Gupta,0.0,5500.0,DEVOPS
Muhammad Khan,0.0,4800.0,FINANCE
Nina Morales,0.0,6300.0,HR
Aliyah Lopez,0.0,6700.0,DEVOPS
Kai Hernandez,0.0,4300.0,FINANCE
Aiden Silva,0.0,6500.0,HR
Sakura Tanaka,0.0,5600.0,DEVOPS
Javier Bouchard,0.0,5200.0,FINANCE
Amara Patel,0.0,6900.0,HR
Hiroshi Silva,0.0,5500.0,DEVOPS
Sophie Hernandez,0.0,5000.0,FINANCE
Santiago Costa,0.0,6800.0,HR
Aisha Nguyen,0.0,5700.0,DEVOPS
Muhammad Ali,0.0,4600.0,FINANCE
Nina Singh,0.0,6100.0,HR
Aliyah Yamamoto,0.0,6700.0,DEVOPS
Kai Gonzalez,0.0,4800.0,FINANCE
Aiden Kim,0.0,6900.0,HR
Sakura Lefebvre,0.0,5600.0,DEVOPS
Javier Goto,0.0,4700.0,FINANCE
Amara Tremblay,0.0,6500.0,HR
Hiroshi Santos,0.0,5300.0,DEVOPS
Sophie Ito,0.0,4900.0,FINANCE
Zara Khan,0.0,6700.0,HR
Rohan Patel,0.0,5200.0,DEVOPS
Mila Nguyen,0.0,4800.0,FINANCE
Liam Ali,0.0,7200.0,HR
Hiroshi Kim,0.0,5500.0,DEVOPS
Sofia Yamamoto,0.0,4100.0,FINANCE
Santiago Rahman,0.0,6900.0,HR
Aisha Gupta,0.0,5400.0,DEVOPS
Muhammad Lopez,0.0,4900.0,FINANCE
Nina Chen,0.0,6500.0,HR
Aliyah Ali,0.0,5300.0,DEVOPS
Kai Nguyen,0.0,4600.0,FINANCE
Aiden Khan,0.0,6700.0,HR
Sakura Patel,0.0,5200.0,DEVOPS
Javier Kim,0.0,5000.0,FINANCE
Amara Nguyen,0.0,6400.0,HR
Hiroshi Ali,0.0,5700.0,DEVOPS
Sophie Chen,0.0,4500.0,FINANCE
Santiago Singh,0.0,6800.0,HR
Aisha Gupta,0.0,5500.0,DEVOPS
Muhammad Khan,0.0,4800.0,FINANCE
Nina Morales,0.0,6300.0,HR
Aliyah Lopez,0.0,6700.0,DEVOPS
Kai Hernandez,0.0,4300.0,FINANCE
Aiden Silva,0.0,6500.0,HR
Sakura Tanaka,0.0,5600.0,DEVOPS
Javier Bouchard,0.0,5200.0,FINANCE
Amara Patel,0.0,6900.0,HR
Hiroshi Silva,0.0,5500.0,DEVOPS
Sophie Hernandez,0.0,5000.0,FINANCE
Santiago Costa,0.0,6800.0,HR
Aisha Nguyen,0.0,5700.0,DEVOPS
Muhammad Ali,0.0,4600.0,FINANCE
Nina Singh,0.0,6100.0,HR
Aliyah Yamamoto,0.0,6700.0,DEVOPS
Kai Gonzalez,0.0,4800.0,FINANCE
Aiden Kim,0.0,6900.0,HR
Sakura Lefebvre,0.0,5600.0,DEVOPS
Javier Goto,0.0,4700.0,FINANCE
Amara Tremblay,0.0,6500.0,HR
Hiroshi Santos,0.0,5300.0,DEVOPS
Sophie Ito,0.0,4900.0,FINANCE
Zara Khan,0.0,6700.0,HR
Rohan Patel,0.0,5200.0,DEVOPS
Mila Nguyen,0.0,4800.0,FINANCE
Liam Ali,0.0,7200.0,HR
Hiroshi Kim,0.0,5500.0,DEVOPS
Sofia Yamamoto,0.0,4100.0,FINANCE
Santiago Rahman,0.0,6900.0,HR
Aisha Gupta,0.0,5400.0,DEVOPS
Muhammad Lopez,0.0,4900.0,FINANCE
Nina Chen,0.0,6500.0,HR
Aliyah Ali,0.0,5300.0,DEVOPS
Kai Nguyen,0.0,4600.0,FINANCE
Aiden Khan,0.0,6700.0,HR
Sakura Patel,0.0,5200.0,DEVOPS
Javier Kim,0.0,5000.0,FINANCE
Amara Nguyen,0.0,6400.0,HR
Hiroshi Ali,0.0,5700.0,DEVOPS
Sophie Chen,0.0,4500.0,FINANCE
Santiago Singh,0.0,6800.0,HR
Aisha Gupta,0.0,5500.0,DEVOPS
Muhammad Khan,0.0,4800.0,FINANCE
Nina Morales,0.0,6300.0,HR
Aliyah Lopez,0.0,6700.0,DEVOPS
Kai Hernandez,0.0,4300.0,FINANCE
Aiden Silva,0.0,6500.0,HR
Sakura Tanaka,0.0,5600.0,DEVOPS
Javier Bouchard,0.0,5200.0,FINANCE
Amara Patel,0.0,6900.0,HR
Hiroshi Silva,0.0,5500.0,DEVOPS
Sophie Hernandez,0.0,5000.0,FINANCE
Santiago Costa,0.0,6800.0,HR
Zara Patel,0.0,6700.0,HR
Rohan Khan,0.0,5200.0,DEVOPS
Mila Nguyen,0.0,4800.0,FINANCE
Liam Ali,0.0,7200.0,HR
Hiroshi Kim,0.0,5500.0,DEVOPS
Sofia Yamamoto,0.0,4100.0,FINANCE
Santiago Rahman,0.0,6900.0,HR
Aisha Gupta,0.0,5400.0,DEVOPS
Muhammad Lopez,0.0,4900.0,FINANCE
Nina Chen,0.0,6500.0,HR
Aliyah Ali,0.0,5300.0,DEVOPS
Kai Nguyen,0.0,4600.0,FINANCE
Aiden Khan,0.0,6700.0,HR
Sakura Patel,0.0,5200.0,DEVOPS
Javier Kim,0.0,5000.0,FINANCE
Amara Nguyen,0.0,6400.0,HR
Hiroshi Ali,0.0,5700.0,DEVOPS
Sophie Chen,0.0,4500.0,FINANCE
Santiago Singh,0.0,6800.0,HR
Aisha Gupta,0.0,5500.0,DEVOPS
Muhammad Khan,0.0,4800.0,FINANCE
Nina Morales,0.0,6300.0,HR
Aliyah Lopez,0.0,6700.0,DEVOPS
Kai Hernandez,0.0,4300.0,FINANCE
Aiden Silva,0.0,6500.0,HR
Sakura Tanaka,0.0,5600.0,DEVOPS
Javier Bouchard,0.0,5200.0,FINANCE
Amara Patel,0.0,6900.0,HR
Hiroshi Silva,0.0,5500.0,DEVOPS
Sophie Hernandez,0.0,5000.0,FINANCE
Santiago Costa,0.0,6800.0,HR
Aisha Nguyen,0.0,5700.0,DEVOPS
Muhammad Ali,0.0,4600.0,FINANCE
Nina Singh,0.0,6100.0,HR
Aliyah Yamamoto,0.0,6700.0,DEVOPS
Kai Gonzalez,0.0,4800.0,FINANCE
Aiden Kim,0.0,6900.0,HR
Sakura Lefebvre,0.0,5600.0,DEVOPS
Javier Goto,0.0,4700.0,FINANCE
Amara Tremblay,0.0,6500.0,HR
Hiroshi Santos,0.0,5300.0,DEVOPS
Sophie Ito,0.0,4900.0,FINANCE
Zara Khan,0.0,6700.0,HR
Rohan Patel,0.0,5200.0,DEVOPS
Mila Nguyen,0.0,4800.0,FINANCE
Liam Ali,0.0,7200.0,HR
Hiroshi Kim,0.0,5500.0,DEVOPS
Sofia Yamamoto,0.0,4100.0,FINANCE
Santiago Rahman,0.0,6900.0,HR
Aisha Gupta,0.0,5400.0,DEVOPS
Muhammad Lopez,0.0,4900.0,FINANCE
Nina Chen,0.0,6500.0,HR
Aliyah Ali,0.0,5300.0,DEVOPS
Kai Nguyen,0.0,4600.0,FINANCE
Aiden Khan,0.0,6700.0,HR
Sakura Patel,0.0,5200.0,DEVOPS
Javier Kim,0.0,5000.0,FINANCE
Amara Nguyen,0.0,6400.0,HR
Hiroshi Ali,0.0,5700.0,DEVOPS
Sophie Chen,0.0,4500.0,FINANCE
Santiago Singh,0.0,6800.0,HR
Aisha Gupta,0.0,5500.0,DEVOPS
Muhammad Khan,0.0,4800.0,FINANCE
Nina Morales,0.0,6300.0,HR
Aliyah Lopez,0.0,6700.0,DEVOPS
Kai Hernandez,0.0,4300.0,FINANCE
Aiden Silva,0.0,6500.0,HR
Sakura Tanaka,0.0,5600.0,DEVOPS
Javier Bouchard,0.0,5200.0,FINANCE
Amara Patel,0.0,6900.0,HR
Hiroshi Silva,0.0,5500.0,DEVOPS
Sophie Hernandez,0.0,5000.0,FINANCE
Santiago Costa,0.0,6800.0,HR
Aisha Nguyen,0.0,5700.0,DEVOPS
Muhammad Ali,0.0,4600.0,FINANCE
Nina Singh,0.0,6100.0,HR
Aliyah Yamamoto,0.0,6700.0,DEVOPS
Kai Gonzalez,0.0,4800.0,FINANCE
Aiden Kim,0.0,6900.0,HR
Sakura Lefebvre,0.0,5600.0,DEVOPS
Javier Goto,0.0,4700.0,FINANCE
Amara Tremblay,0.0,6500.0,HR
Hiroshi Santos,0.0,5300.0,DEVOPS
Sophie Ito,0.0,4900.0,FINANCE
Zara Patel,0.0,6700.0,HR
Rohan Khan,0.0,5200.0,DEVOPS
Mila Nguyen,0.0,4800.0,FINANCE
Liam Ali,0.0,7200.0,HR
Hiroshi Kim,0.0,5500.0,DEVOPS
Sofia Yamamoto,0.0,4100.0,FINANCE
Santiago Rahman,0.0,6900.0,HR
Aisha Gupta,0.0,5400.0,DEVOPS
Muhammad Lopez,0.0,4900.0,FINANCE
Nina Chen,0.0,6500.0,HR
Aliyah Ali,0.0,5300.0,DEVOPS
Kai Nguyen,0.0,4600.0,FINANCE
Aiden Khan,0.0,6700.0,HR
Sakura Patel,0.0,5200.0,DEVOPS
Javier Kim,0.0,5000.0,FINANCE
Amara Nguyen,0.0,6400.0,HR
Hiroshi Ali,0.0,5700.0,DEVOPS
Sophie Chen,0.0,4500.0,FINANCE
Santiago Singh,0.0,6800.0,HR
Aisha Gupta,0.0,5500.0,DEVOPS
Muhammad Khan,0.0,4800.0,FINANCE
Nina Morales,0.0,6300.0,HR
Aliyah Lopez,0.0,6700.0,DEVOPS
Kai Hernandez,0.0,4300.0,FINANCE
Aiden Silva,0.0,6500.0,HR
Sakura Tanaka,0.0,5600.0,DEVOPS
Javier Bouchard,0.0,5200.0,FINANCE
Amara Patel,0.0,6900.0,HR
Hiroshi Silva,0.0,5500.0,DEVOPS
Sophie Hernandez,0.0,5000.0,FINANCE
Santiago Costa,0.0,6800.0,HR
Aisha Nguyen,0.0,5700.0,DEVOPS
Muhammad Ali,0.0,4600.0,FINANCE
Nina Singh,0.0,6100.0,HR
Aliyah Yamamoto,0.0,6700.0,DEVOPS
Kai Gonzalez,0.0,4800.0,FINANCE
Aiden Kim,0.0,6900.0,HR
Sakura Lefebvre,0.0,5600.0,DEVOPS
Javier Goto,0.0,4700.0,FINANCE
Amara Tremblay,0.0,6500.0,HR
Hiroshi Santos,0.0,5300.0,DEVOPS
Sophie Ito,0.0,4900.0,FINANCE
Emily Davis,0.0,3900.0,HR
David Wilson,0.0,4400.0,DEVOPS
Sarah Thompson,0.0,3500.0,FINANCE
Matthew Harris,0.0,4100.0,HR
Jessica Martinez,0.0,3600.0,DEVOPS
Daniel Robinson,0.0,3000.0,FINANCE
Olivia Taylor,0.0,3800.0,HR
Christopher Walker,0.0,4300.0,DEVOPS
Sophia Thomas,0.0,3200.0,FINANCE
James White,0.0,4000.0,HR
Ava Garcia,0.0,3700.0,DEVOPS
Daniel Brown,0.0,3100.0,FINANCE
Mia Lee,0.0,4200.0,HR
Ethan Green,0.0,3900.0,DEVOPS
Amelia Clark,0.0,3400.0,FINANCE
Alexander Baker,0.0,3800.0,HR
Sophia Rodriguez,0.0,4322200.0,DEVOPS
Ethan Adams,0.0,3300.0,FINANCE
Emily Campbell,0.0,4000.0,HR
William Martinez,0.0,3900.0,DEVOPS
Grace Wright,0.0,3100.0,FINANCE
Daniel Anderson,0.0,3900.0,HR
Emma Mitchell,0.0,4000.0,DEVOPS
Benjamin Bell,0.0,3200.0,FINANCE
Abigail King,0.0,3800.0,HR
Joshua Turner,0.0,4100.0,DEVOPS
Sofia Hill,0.0,3500.0,FINANCE
Samuel Cooper,0.0,4000.0,HR
Avery Scott,0.0,3700.0,DEVOPS
Victoria Reed,0.0,3300.0,FINANCE
Joseph Johnson,0.0,4100.0,HR
Ella Morris,0.0,3600.0,DEVOPS
Henry Peterson,0.0,3200.0,FINANCE
Lillian Bailey,0.0,3900.0,HR
Jackson Rogers,0.0,4200.0,DEVOPS
Elizabeth Cook,0.0,3400.0,FINANCE
Andrew Bennett,0.0,4000.0,HR
Madison Adams,0.0,3800.0,DEVOPS
Samuel Foster,0.0,3100.0,FINANCE
Scarlett Wright,0.0,4000.0,HR
David Turner,0.0,3900.0,DEVOPS
Natalie Thompson,0.0,3300.0,FINANCE
Sebastian Walker,0.0,4100.0,HR
Aria Hall,0.0,3600.0,DEVOPS
Michael Phillips,0.0,3200.0,FINANCE
Chloe Butler,0.0,3900.0,HR
Andrew Young,0.0,4200.0,DEVOPS
Grace Hill,0.0,3400.0,FINANCE
Ryan James,0.0,4100.0,HR
Samantha Wright,0.0,3700.0,DEVOPS
Jonathan Morgan,0.0,3300.0,FINANCE
Hailey Reed,0.0,3800.0,HR
Nathan Gray,0.0,4200.0,DEVOPS
Lily Stewart,0.0,3200.0,FINANCE
Ryan Adams,0.0,4000.0,HR
Samantha Phillips,0.0,3800.0,DEVOPS
Christopher Turner,0.0,3100.0,FINANCE
Madison Cooper,0.0,3900.0,HR
Henry Wilson,0.0,4300.0,DEVOPS
Victoria Harris,0.0,3300.0,FINANCE
Gabriel Thompson,0.0,4100.0,HR
Evelyn Martinez,0.0,3700.0,DEVOPS
Jonathan Robinson,0.0,3200.0,FINANCE
Charlotte Davis,0.0,3900.0,HR
Daniel Garcia,0.0,4000.0,DEVOPS
Olivia Wright,0.0,3400.0,FINANCE
Samuel Baker,0.0,3800.0,HR
Sophia Adams,0.0,4200.0,DEVOPS
William Green,0.0,3300.0,FINANCE
Ava Clark,0.0,4000.0,HR
Joseph Rodriguez,0.0,3900.0,DEVOPS
Abigail Turner,0.0,3200.0,FINANCE
Noah White,0.0,4000.0,HR
Emily Wilson,0.0,3700.0,DEVOPS
James Foster,0.0,3300.0,FINANCE
Sophia Bell,0.0,4100.0,HR
Mason King,0.0,3600.0,DEVOPS
Grace Peterson,0.0,3200.0,FINANCE
Liam Wright,0.0,3900.0,HR
Isabella Adams,0.0,4200.0,DEVOPS
Alexander Scott,0.0,3400.0,FINANCE
Mia Reed,0.0,4000.0,HR
Ethan Turner,0.0,3900.0,DEVOPS
Avery Thompson,0.0,3300.0,FINANCE
Ella Walker,0.0,4100.0,HR
Daniel Mitchell,0.0,3600.0,DEVOPS
Lillian Baker,0.0,3200.0,FINANCE
Jackson Hill,0.0,3900.0,HR
Emma Turner,0.0,4200.0,DEVOPS
Benjamin Reed,0.0,3400.0,FINANCE
Ava Bennett,0.0,4100.0,HR
William Adams,0.0,3800.0,DEVOPS
Sofia Foster,0.0,3300.0,FINANCE
Samuel Wright,0.0,4000.0,HR
Ella Phillips,0.0,3900.0,DEVOPS
Henry Thompson,0.0,3200.0,FINANCE
Lily Davis,0.0,3800.0,HR
Jacob Wilson,0.0,4300.0,DEVOPS
Emily Harris,0.0,3300.0,FINANCE
Samuel Wright,0.0,4000.0,HR
Ella Phillips,0.0,3900.0,DEVOPS
Henry Thompson,0.0,3200.0,FINANCE
Lily Davis,0.0,3800.0,HR
Jacob Wilson,0.0,4300.0,DEVOPS
Emily Harris,0.0,3300.0,FINANCE
Nathan Johnson,0.0,4200.0,HR
Sophia Turner,0.0,3800.0,DEVOPS
Daniel Anderson,0.0,3200.0,FINANCE
Olivia Martinez,0.0,4100.0,HR
Christopher Clark,0.0,3700.0,DEVOPS
Ava Walker,0.0,3300.0,FINANCE
Benjamin Adams,0.0,4000.0,HR
Emily Scott,0.0,3800.0,DEVOPS
William Baker,0.0,3100.0,FINANCE
Ella Thompson,0.0,3900.0,HR
Michael Wilson,0.0,4200.0,DEVOPS
Sophia Davis,0.0,3400.0,FINANCE
James Roberts,0.0,4100.0,HR
Olivia Mitchell,0.0,3700.0,DEVOPS
Daniel Reed,0.0,3300.0,FINANCE
Emma Hill,0.0,4000.0,HR
Matthew Phillips,0.0,3800.0,DEVOPS
Grace Turner,0.0,3200.0,FINANCE
Ethan Adams,0.0,3900.0,HR
Samantha Mitchell,0.0,4200.0,DEVOPS
Joseph Thompson,0.0,3300.0,FINANCE
Avery Davis,0.0,4100.0,HR
Elizabeth Wilson,0.0,3700.0,DEVOPS
Benjamin Baker,0.0,3400.0,FINANCE
Mia Turner,0.0,4000.0,HR
Samuel Scott,0.0,3800.0,DEVOPS
Sophia Hill,0.0,3200.0,FINANCE
Jackson Adams,0.0,3900.0,HR
Emily Mitchell,0.0,4200.0,DEVOPS
Daniel Thompson,0.0,3300.0,FINANCE
Ella Davis,0.0,4100.0,HR
Liam Wilson,0.0,3700.0,DEVOPS
Ava Baker,0.0,3400.0,FINANCE
Michael Turner,0.0,4000.0,HR
Olivia Phillips,0.0,3800.0,DEVOPS
Matthew Davis,0.0,3200.0,FINANCE
Sophia Adams,0.0,3900.0,HR
Ethan Scott,0.0,4200.0,DEVOPS
Grace Thompson,0.0,3300.0,FINANCE
Samuel Hill,0.0,4100.0,HR
Emma Wilson,0.0,3700.0,DEVOPS
Daniel Baker,0.0,3400.0,FINANCE
Lily Davis,0.0,4000.0,HR
Jacob Wilson,0.0,3900.0,DEVOPS
Emily Harris,0.0,3200.0,FINANCE
Nathan Johnson,0.0,3800.0,HR
Sophia Turner,0.0,4300.0,DEVOPS
Daniel Anderson,0.0,3300.0,FINANCE
Olivia Martinez,0.0,4000.0,HR
Christopher Clark,0.0,3900.0,DEVOPS
Ava Walker,0.0,3200.0,FINANCE
Benjamin Adams,0.0,4100.0,HR
Emily Scott,0.0,3700.0,DEVOPS
William Baker,0.0,3400.0,FINANCE
Ella Thompson,0.0,4000.0,HR
Michael Wilson,0.0,3800.0,DEVOPS
Sophia Davis,0.0,3300.0,FINANCE
James Roberts,0.0,3900.0,HR
Olivia Mitchell,0.0,4200.0,DEVOPS
Daniel Reed,0.0,3200.0,FINANCE
Emma Hill,0.0,4000.0,HR
Matthew Phillips,0.0,3700.0,DEVOPS
Grace Turner,0.0,3400.0,FINANCE
Ethan Adams,0.0,3900.0,HR
Samantha Mitchell,0.0,4300.0,DEVOPS
Joseph Thompson,0.0,3300.0,FINANCE
Avery Davis,0.0,4000.0,HR
Elizabeth Wilson,0.0,3800.0,DEVOPS
Benjamin Baker,0.0,3200.0,FINANCE
Mia Turner,0.0,3900.0,HR
Samuel Scott,0.0,4200.0,DEVOPS
Sophia Hill,0.0,3400.0,FINANCE
Jackson Adams,0.0,4000.0,HR
Emily Mitchell,0.0,3700.0,DEVOPS
Daniel Thompson,0.0,3300.0,FINANCE
Ella Davis,0.0,3900.0,HR
Liam Wilson,0.0,4300.0,DEVOPS
Ava Baker,0.0,3200.0,FINANCE
Michael Turner,0.0,4000.0,HR
Olivia Phillips,0.0,3800.0,DEVOPS
Matthew Davis,0.0,3400.0,FINANCE
Sophia Adams,0.0,3900.0,HR
Ethan Scott,0.0,4200.0,DEVOPS
Grace Thompson,0.0,3300.0,FINANCE
Samuel Hill,0.0,4000.0,HR
Emma Wilson,0.0,3700.0,DEVOPS
Daniel Baker,0.0,3200.0,FINANCE
Lily Davis,0.0,3900.0,HR
Jacob Wilson,0.0,4300.0,DEVOPS
Emily Harris,0.0,3400.0,FINANCE
Nathan Johnson,0.0,4000.0,HR
Sophia Turner,0.0,3800.0,DEVOPS
Daniel Anderson,0.0,3300.0,FINANCE
Lily Davis,0.0,6000.0,HR
Jacob Wilson,0.0,5500.0,DEVOPS
Emily Harris,0.0,4500.0,FINANCE
Nathan Johnson,0.0,7000.0,HR
Sophia Turner,0.0,5200.0,DEVOPS
Daniel Anderson,0.0,4000.0,FINANCE
Olivia Martinez,0.0,6200.0,HR
Christopher Clark,0.0,5800.0,DEVOPS
Ava Walker,0.0,4800.0,FINANCE
Benjamin Adams,0.0,6500.0,HR
Emily Scott,0.0,5300.0,DEVOPS
William Baker,0.0,4200.0,FINANCE
Ella Thompson,0.0,6100.0,HR
Michael Wilson,0.0,5400.0,DEVOPS
Sophia Davis,0.0,4700.0,FINANCE
James Roberts,0.0,6400.0,HR
Olivia Mitchell,0.0,5700.0,DEVOPS
Daniel Reed,0.0,4400.0,FINANCE
Emma Hill,0.0,6000.0,HR
Matthew Phillips,0.0,5500.0,DEVOPS
Grace Turner,0.0,4600.0,FINANCE
Ethan Adams,0.0,5900.0,HR
Samantha Mitchell,0.0,6800.0,DEVOPS
Joseph Thompson,0.0,4300.0,FINANCE
Avery Davis,0.0,6300.0,HR
Elizabeth Wilson,0.0,5700.0,DEVOPS
Benjamin Baker,0.0,4800.0,FINANCE
Mia Turner,0.0,6200.0,HR
Samuel Scott,0.0,5600.0,DEVOPS
Sophia Hill,0.0,4900.0,FINANCE
Jackson Adams,0.0,6100.0,HR
Emily Mitchell,0.0,5500.0,DEVOPS
Daniel Thompson,0.0,4200.0,FINANCE
Ella Davis,0.0,6000.0,HR
Liam Wilson,0.0,5400.0,DEVOPS
Ava Baker,0.0,4700.0,FINANCE
Michael Turner,0.0,6400.0,HR
Olivia Phillips,0.0,5800.0,DEVOPS
Matthew Davis,0.0,4600.0,FINANCE
Sophia Adams,0.0,5900.0,HR
Ethan Scott,0.0,6800.0,DEVOPS
Grace Thompson,0.0,4300.0,FINANCE
Samuel Hill,0.0,6200.0,HR
Emma Wilson,0.0,5700.0,DEVOPS
Daniel Baker,0.0,4800.0,FINANCE
Lily Davis,0.0,6000.0,HR
Jacob Wilson,0.0,5500.0,DEVOPS
Emily Harris,0.0,4500.0,FINANCE
Nathan Johnson,0.0,7000.0,HR
Sophia Turner,0.0,5200.0,DEVOPS
Daniel Anderson,0.0,4000.0,FINANCE
Lily Davis,0.0,6700.0,HR
Jacob Wilson,0.0,5200.0,DEVOPS
Emily Harris,0.0,4800.0,FINANCE
Nathan Johnson,0.0,7200.0,HR
Sophia Turner,0.0,5500.0,DEVOPS
Daniel Anderson,0.0,4100.0,FINANCE
Olivia Martinez,0.0,6900.0,HR
Christopher Clark,0.0,5400.0,DEVOPS
Ava Walker,0.0,4900.0,FINANCE
Benjamin Adams,0.0,6500.0,HR
Emily Scott,0.0,5300.0,DEVOPS
William Baker,0.0,4600.0,FINANCE
Ella Thompson,0.0,6700.0,HR
Michael Wilson,0.0,5200.0,DEVOPS
Sophia Davis,0.0,5000.0,FINANCE
James Roberts,0.0,6400.0,HR
Olivia Mitchell,0.0,5700.0,DEVOPS
Daniel Reed,0.0,4500.0,FINANCE
Emma Hill,0.0,6800.0,HR
Matthew Phillips,0.0,5500.0,DEVOPS
Grace Turner,0.0,4800.0,FINANCE
Ethan Adams,0.0,6300.0,HR
Samantha Mitchell,0.0,6700.0,DEVOPS
Joseph Thompson,0.0,4300.0,FINANCE
Avery Davis,0.0,6500.0,HR
Elizabeth Wilson,0.0,5600.0,DEVOPS
Benjamin Baker,0.0,5200.0,FINANCE
Mia Turner,0.0,6900.0,HR
Samuel Scott,0.0,5500.0,DEVOPS
Sophia Hill,0.0,2.0,FINANCE
Liyana Patel,0.0,6700.0,HR
Adnan Khan,0.0,5200.0,DEVOPS
Sofia Nguyen,0.0,4800.0,FINANCE
Hiroshi Yamamoto,0.0,7200.0,HR
Amara Ali,0.0,5500.0,DEVOPS
Priya Rao,0.0,4100.0,FINANCE
Leila Hassan,0.0,6900.0,HR
Rohan Gupta,0.0,5400.0,DEVOPS
Mia Kim,0.0,4900.0,FINANCE
Santiago Morales,0.0,6500.0,HR
Aisha Rahman,0.0,5300.0,DEVOPS
Muhammad Khan,0.0,4600.0,FINANCE
Nina Lopez,0.0,6700.0,HR
Aliyah Khan,0.0,5200.0,DEVOPS
Kai Chen,0.0,5000.0,FINANCE
Aiden Patel,0.0,6400.0,HR
Sakura Takahashi,0.0,5700.0,DEVOPS
Javier Hernandez,0.0,4500.0,FINANCE
Amara Silva,0.0,6800.0,HR
Hiroshi Tanaka,0.0,5500.0,DEVOPS
Sophie Bouchard,0.0,4800.0,FINANCE
Yusuf Ahmed,0.0,6300.0,HR
Aaliyah Singh,0.0,6700.0,DEVOPS
Hannah Patel,0.0,4300.0,FINANCE
Zara Ali,0.0,6500.0,HR
Rohan Kapoor,0.0,5600.0,DEVOPS
Mila Nguyen,0.0,5200.0,FINANCE
Liam Patel,0.0,6900.0,HR
Hiroshi Suzuki,0.0,5500.0,DEVOPS
Sofia Costa,0.0,5000.0,FINANCE
Santiago Rodriguez,0.0,6800.0,HR
Aisha Khan,0.0,5700.0,DEVOPS
Muhammad Ali,0.0,4600.0,FINANCE
Nina Santos,0.0,6100.0,HR
Aliyah Kim,0.0,6700.0,DEVOPS
Kai Nguyen,0.0,4800.0,FINANCE
Aiden Gonzalez,0.0,6900.0,HR
Sakura Ito,0.0,5600.0,DEVOPS
Javier Morales,0.0,4700.0,FINANCE
Amara Lefebvre,0.0,6500.0,HR
Hiroshi Goto,0.0,5300.0,DEVOPS
Sophie Tremblay,0.0,4900.0,FINANCE
Zara Khan,0.0,6700.0,HR
Rohan Patel,0.0,5200.0,DEVOPS
Mila Kim,0.0,4800.0,FINANCE
Liam Nguyen,0.0,7200.0,HR
Hiroshi Rahman,0.0,5500.0,DEVOPS
Sofia Yamamoto,0.0,4100.0,FINANCE
Santiago Ali,0.0,6900.0,HR
Aisha Gupta,0.0,5400.0,DEVOPS
Muhammad Lopez,0.0,4900.0,FINANCE
Nina Hassan,0.0,6500.0,HR
Aliyah Yamamoto,0.0,5300.0,DEVOPS
Kai Nguyen,0.0,4600.0,FINANCE
Aiden Khan,0.0,6700.0,HR
Sakura Patel,0.0,5200.0,DEVOPS
Javier Kim,0.0,5000.0,FINANCE
Amara Nguyen,0.0,6400.0,HR
Hiroshi Ali,0.0,5700.0,DEVOPS
Sophie Chen,0.0,4500.0,FINANCE
Santiago Singh,0.0,6800.0,HR
Aisha Gupta,0.0,5500.0,DEVOPS
Muhammad Khan,0.0,4800.0,FINANCE
Nina Morales,0.0,6300.0,HR
Aliyah Lopez,0.0,6700.0,DEVOPS
Kai Hernandez,0.0,4300.0,FINANCE
Aiden Silva,0.0,6500.0,HR
Sakura Tanaka,0.0,5600.0,DEVOPS
Javier Bouchard,0.0,5200.0,FINANCE
Amara Patel,0.0,6900.0,HR
Hiroshi Silva,0.0,5500.0,DEVOPS
Sophie Hernandez,0.0,5000.0,FINANCE
Santiago Costa,0.0,6800.0,HR
Aisha Nguyen,0.0,5700.0,DEVOPS
Muhammad Ali,0.0,4600.0,FINANCE
Nina Singh,0.0,6100.0,HR
Aliyah Yamamoto,0.0,6700.0,DEVOPS
Kai Gonzalez,0.0,4800.0,FINANCE
Aiden Kim,0.0,6900.0,HR
Sakura Lefebvre,0.0,5600.0,DEVOPS
Javier Goto,0.0,4700.0,FINANCE
Amara Tremblay,0.0,6500.0,HR
Hiroshi Santos,0.0,5300.0,DEVOPS
Sophie Ito,0.0,4900.0,FINANCE
Zara Patel,0.0,6700.0,HR
Rohan Khan,0.0,5200.0,DEVOPS
Mila Nguyen,0.0,4800.0,FINANCE
Liam Ali,0.0,7200.0,HR
Hiroshi Kim,0.0,5500.0,DEVOPS
Sofia Yamamoto,0.0,4100.0,FINANCE
Santiago Rahman,0.0,6900.0,HR
Aisha Gupta,0.0,5400.0,DEVOPS
Muhammad Lopez,0.0,4900.0,FINANCE
Nina Chen,0.0,6500.0,HR
Aliyah Ali,0.0,5300.0,DEVOPS
Kai Nguyen,0.0,4600.0,FINANCE
Aiden Khan,0.0,6700.0,HR
Sakura Patel,0.0,5200.0,DEVOPS
Javier Kim,0.0,5000.0,FINANCE
Amara Nguyen,0.0,6400.0,HR
Hiroshi Ali,0.0,5700.0,DEVOPS
Sophie Chen,0.0,4500.0,FINANCE
Santiago Singh,0.0,6800.0,HR
Aisha Gupta,0.0,5500.0,DEVOPS
Muhammad Khan,0.0,4800.0,FINANCE
Nina Morales,0.0,6300.0,HR
Aliyah Lopez,0.0,6700.0,DEVOPS
Kai Hernandez,0.0,4300.0,FINANCE
Aiden Silva,0.0,6500.0,HR
Sakura Tanaka,0.0,5600.0,DEVOPS
Javier Bouchard,0.0,5200.0,FINANCE
Amara Patel,0.0,6900.0,HR
Hiroshi Silva,0.0,5500.0,DEVOPS
Sophie Hernandez,0.0,5000.0,FINANCE
Santiago Costa,0.0,6800.0,HR
Aisha Nguyen,0.0,5700.0,DEVOPS
Muhammad Ali,0.0,4600.0,FINANCE
Nina Singh,0.0,6100.0,HR
Aliyah Yamamoto,0.0,6700.0,DEVOPS
Kai Gonzalez,0.0,4800.0,FINANCE
Aiden Kim,0.0,6900.0,HR
Sakura Lefebvre,0.0,5600.0,DEVOPS
Javier Goto,0.0,4700.0,FINANCE
Amara Tremblay,0.0,6500.0,HR
Hiroshi Santos,0.0,5300.0,DEVOPS
Sophie Ito,0.0,4900.0,FINANCE
Zara Khan,0.0,6700.0,HR
Rohan Patel,0.0,5200.0,DEVOPS
Mila Nguyen,0.0,4800.0,FINANCE
Liam Ali,0.0,7200.0,HR
Hiroshi Kim,0.0,5500.0,DEVOPS
Sofia Yamamoto,0.0,4100.0,FINANCE
Santiago Rahman,0.0,6900.0,HR
Aisha Gupta,0.0,5400.0,DEVOPS
Muhammad Lopez,0.0,4900.0,FINANCE
Nina Chen,0.0,6500.0,HR
Aliyah Ali,0.0,5300.0,DEVOPS
Kai Nguyen,0.0,4600.0,FINANCE
Aiden Khan,0.0,6700.0,HR
Sakura Patel,0.0,5200.0,DEVOPS
Javier Kim,0.0,5000.0,FINANCE
Amara Nguyen,0.0,6400.0,HR
Hiroshi Ali,0.0,5700.0,DEVOPS
Sophie Chen,0.0,4500.0,FINANCE
Santiago Singh,0.0,6800.0,HR
Aisha Gupta,0.0,5500.0,DEVOPS
Muhammad Khan,0.0,4800.0,FINANCE
Nina Morales,0.0,6300.0,HR
Aliyah Lopez,0.0,6700.0,DEVOPS
Kai Hernandez,0.0,4300.0,FINANCE
Aiden Silva,0.0,6500.0,HR
Sakura Tanaka,0.0,5600.0,DEVOPS
Javier Bouchard,0.0,5200.0,FINANCE
Amara Patel,0.0,6900.0,HR
Hiroshi Silva,0.0,5500.0,DEVOPS
Sophie Hernandez,0.0,5000.0,FINANCE
Santiago Costa,0.0,6800.0,HR
Aisha Nguyen,0.0,5700.0,DEVOPS
Muhammad Ali,0.0,4600.0,FINANCE
Nina Singh,0.0,6100.0,HR
Aliyah Yamamoto,0.0,6700.0,DEVOPS
Kai Gonzalez,0.0,4800.0,FINANCE
Aiden Kim,0.0,6900.0,HR
Sakura Lefebvre,0.0,5600.0,DEVOPS
Javier Goto,0.0,4700.0,FINANCE
Amara Tremblay,0.0,6500.0,HR
Hiroshi Santos,0.0,5300.0,DEVOPS
Sophie Ito,0.0,4900.0,FINANCE
Zara Patel,0.0,6700.0,HR
Rohan Khan,0.0,5200.0,DEVOPS
Mila Nguyen,0.0,4800.0,FINANCE
Liam Ali,0.0,7200.0,HR
Hiroshi Kim,0.0,5500.0,DEVOPS
Sofia Yamamoto,0.0,4100.0,FINANCE
Santiago Rahman,0.0,6900.0,HR
Aisha Gupta,0.0,5400.0,DEVOPS
Muhammad Lopez,0.0,4900.0,FINANCE
Nina Chen,0.0,6500.0,HR
Aliyah Ali,0.0,5300.0,DEVOPS
Kai Nguyen,0.0,4600.0,FINANCE
Aiden Khan,0.0,6700.0,HR
Sakura Patel,0.0,5200.0,DEVOPS
Javier Kim,0.0,5000.0,FINANCE
Amara Nguyen,0.0,6400.0,HR
Hiroshi Ali,0.0,5700.0,DEVOPS
Sophie Chen,0.0,4500.0,FINANCE
Santiago Singh,0.0,6800.0,HR
Aisha Gupta,0.0,5500.0,DEVOPS
Muhammad Khan,0.0,4800.0,FINANCE
Nina Morales,0.0,6300.0,HR
Aliyah Lopez,0.0,6700.0,DEVOPS
Kai Hernandez,0.0,4300.0,FINANCE
Aiden Silva,0.0,6500.0,HR
Sakura Tanaka,0.0,5600.0,DEVOPS
Javier Bouchard,0.0,5200.0,FINANCE
Amara Patel,0.0,6900.0,HR
Hiroshi Silva,0.0,5500.0,DEVOPS
Sophie Hernandez,0.0,5000.0,FINANCE
Santiago Costa,0.0,6800.0,HR
Aisha Nguyen,0.0,5700.0,DEVOPS
Muhammad Ali,0.0,4600.0,FINANCE
Nina Singh,0.0,6100.0,HR
Aliyah Yamamoto,0.0,6700.0,DEVOPS
Kai Gonzalez,0.0,4800.0,FINANCE
Aiden Kim,0.0,6900.0,HR
Sakura Lefebvre,0.0,5600.0,DEVOPS
Javier Goto,0.0,4700.0,FINANCE
Amara Tremblay,0.0,6500.0,HR
Hiroshi Santos,0.0,5300.0,DEVOPS
Sophie Ito,0.0,4900.0,FINANCE
Zara Khan,0.0,6700.0,HR
Rohan Patel,0.0,5200.0,DEVOPS
Mila Nguyen,0.0,4800.0,FINANCE
Liam Ali,0.0,7200.0,HR
Hiroshi Kim,0.0,5500.0,DEVOPS
Sofia Yamamoto,0.0,4100.0,FINANCE
Santiago Rahman,0.0,6900.0,HR
Aisha Gupta,0.0,5400.0,DEVOPS
Muhammad Lopez,0.0,4900.0,FINANCE
Nina Chen,0.0,6500.0,HR
Aliyah Ali,0.0,5300.0,DEVOPS
Kai Nguyen,0.0,4600.0,FINANCE
Aiden Khan,0.0,6700.0,HR
Sakura Patel,0.0,5200.0,DEVOPS
Javier Kim,0.0,5000.0,FINANCE
Amara Nguyen,0.0,6400.0,HR
Hiroshi Ali,0.0,5700.0,DEVOPS
Sophie Chen,0.0,4500.0,FINANCE
Santiago Singh,0.0,6800.0,HR
Aisha Gupta,0.0,5500.0,DEVOPS
Muhammad Khan,0.0,4800.0,FINANCE
Nina Morales,0.0,6300.0,HR
Aliyah Lopez,0.0,6700.0,DEVOPS
Kai Hernandez,0.0,4300.0,FINANCE
Aiden Silva,0.0,6500.0,HR
Sakura Tanaka,0.0,5600.0,DEVOPS
Javier Bouchard,0.0,5200.0,FINANCE
Amara Patel,0.0,6900.0,HR
Hiroshi Silva,0.0,5500.0,DEVOPS
Sophie Hernandez,0.0,5000.0,FINANCE
Santiago Costa,0.0,6800.0,HR
Aisha Nguyen,0.0,5700.0,DEVOPS
Muhammad Ali,0.0,4600.0,FINANCE
Nina Singh,0.0,6100.0,HR
Aliyah Yamamoto,0.0,6700.0,DEVOPS
Kai Gonzalez,0.0,4800.0,FINANCE
Aiden Kim,0.0,6900.0,HR
Sakura Lefebvre,0.0,5600.0,DEVOPS
Javier Goto,0.0,4700.0,FINANCE
Amara Tremblay,0.0,6500.0,HR
Hiroshi Santos,0.0,5300.0,DEVOPS
Sophie Ito,0.0,4900.0,FINANCE
Zara Khan,0.0,6700.0,HR
Rohan Patel,0.0,5200.0,DEVOPS
Mila Nguyen,0.0,4800.0,FINANCE
Liam Ali,0.0,7200.0,HR
Hiroshi Kim,0.0,5500.0,DEVOPS
Sofia Yamamoto,0.0,4100.0,FINANCE
Santiago Rahman,0.0,6900.0,HR
Aisha Gupta,0.0,5400.0,DEVOPS
Muhammad Lopez,0.0,4900.0,FINANCE
Nina Chen,0.0,6500.0,HR
Aliyah Ali,0.0,5300.0,DEVOPS
Kai Nguyen,0.0,4600.0,FINANCE
Aiden Khan,0.0,6700.0,HR
Sakura Patel,0.0,5200.0,DEVOPS
Javier Kim,0.0,5000.0,FINANCE
Amara Nguyen,0.0,6400.0,HR
Hiroshi Ali,0.0,5700.0,DEVOPS
Sophie Chen,0.0,4500.0,FINANCE
Santiago Singh,0.0,6800.0,HR
Aisha Gupta,0.0,5500.0,DEVOPS
Muhammad Khan,0.0,4800.0,FINANCE
Nina Morales,0.0,6300.0,HR
Aliyah Lopez,0.0,6700.0,DEVOPS
Kai Hernandez,0.0,4300.0,FINANCE
Aiden Silva,0.0,6500.0,HR
Sakura Tanaka,0.0,5600.0,DEVOPS
Javier Bouchard,0.0,5200.0,FINANCE
Amara Patel,0.0,6900.0,HR
Hiroshi Silva,0.0,5500.0,DEVOPS
Sophie Hernandez,0.0,5000.0,FINANCE
Santiago Costa,0.0,6800.0,HR
Zara Patel,0.0,6700.0,HR
Rohan Khan,0.0,5200.0,DEVOPS
Mila Nguyen,0.0,4800.0,FINANCE
Liam Ali,0.0,7200.0,HR
Hiroshi Kim,0.0,5500.0,DEVOPS
Sofia Yamamoto,0.0,4100.0,FINANCE
Santiago Rahman,0.0,6900.0,HR
Aisha Gupta,0.0,5400.0,DEVOPS
Muhammad Lopez,0.0,4900.0,FINANCE
Nina Chen,0.0,6500.0,HR
Aliyah Ali,0.0,5300.0,DEVOPS
Kai Nguyen,0.0,4600.0,FINANCE
Aiden Khan,0.0,6700.0,HR
Sakura Patel,0.0,5200.0,DEVOPS
Javier Kim,0.0,5000.0,FINANCE
Amara Nguyen,0.0,6400.0,HR
Hiroshi Ali,0.0,5700.0,DEVOPS
Sophie Chen,0.0,4500.0,FINANCE
Santiago Singh,0.0,6800.0,HR
Aisha Gupta,0.0,5500.0,DEVOPS
Muhammad Khan,0.0,4800.0,FINANCE
Nina Morales,0.0,6300.0,HR
Aliyah Lopez,0.0,6700.0,DEVOPS
Kai Hernandez,0.0,4300.0,FINANCE
Aiden Silva,0.0,6500.0,HR
Sakura Tanaka,0.0,5600.0,DEVOPS
Javier Bouchard,0.0,5200.0,FINANCE
Amara Patel,0.0,6900.0,HR
Hiroshi Silva,0.0,5500.0,DEVOPS
Sophie Hernandez,0.0,5000.0,FINANCE
Santiago Costa,0.0,6800.0,HR
Aisha Nguyen,0.0,5700.0,DEVOPS
Muhammad Ali,0.0,4600.0,FINANCE
Nina Singh,0.0,6100.0,HR
Aliyah Yamamoto,0.0,6700.0,DEVOPS
Kai Gonzalez,0.0,4800.0,FINANCE
Aiden Kim,0.0,6900.0,HR
Sakura Lefebvre,0.0,5600.0,DEVOPS
Javier Goto,0.0,4700.0,FINANCE
Amara Tremblay,0.0,6500.0,HR
Hiroshi Santos,0.0,5300.0,DEVOPS
Sophie Ito,0.0,4900.0,FINANCE
Zara Khan,0.0,6700.0,HR
Rohan Patel,0.0,5200.0,DEVOPS
Mila Nguyen,0.0,4800.0,FINANCE
Liam Ali,0.0,7200.0,HR
Hiroshi Kim,0.0,5500.0,DEVOPS
Sofia Yamamoto,0.0,4100.0,FINANCE
Santiago Rahman,0.0,6900.0,HR
Aisha Gupta,0.0,5400.0,DEVOPS
Muhammad Lopez,0.0,4900.0,FINANCE
Nina Chen,0.0,6500.0,HR
Aliyah Ali,0.0,5300.0,DEVOPS
Kai Nguyen,0.0,4600.0,FINANCE
Aiden Khan,0.0,6700.0,HR
Sakura Patel,0.0,5200.0,DEVOPS
Javier Kim,0.0,5000.0,FINANCE
Amara Nguyen,0.0,6400.0,HR
Hiroshi Ali,0.0,5700.0,DEVOPS
Sophie Chen,0.0,4500.0,FINANCE
Santiago Singh,0.0,6800.0,HR
Aisha Gupta,0.0,5500.0,DEVOPS
Muhammad Khan,0.0,4800.0,FINANCE
Nina Morales,0.0,6300.0,HR
Aliyah Lopez,0.0,6700.0,DEVOPS
Kai Hernandez,0.0,4300.0,FINANCE
Aiden Silva,0.0,6500.0,HR
Sakura Tanaka,0.0,5600.0,DEVOPS
Javier Bouchard,0.0,5200.0,FINANCE
Amara Patel,0.0,6900.0,HR
Hiroshi Silva,0.0,5500.0,DEVOPS
Sophie Hernandez,0.0,5000.0,FINANCE
Santiago Costa,0.0,6800.0,HR
Aisha Nguyen,0.0,5700.0,DEVOPS
Muhammad Ali,0.0,4600.0,FINANCE
Nina Singh,0.0,6100.0,HR
Aliyah Yamamoto,0.0,6700.0,DEVOPS
Kai Gonzalez,0.0,4800.0,FINANCE
Aiden Kim,0.0,6900.0,HR
Sakura Lefebvre,0.0,5600.0,DEVOPS
Javier Goto,0.0,4700.0,FINANCE
Amara Tremblay,0.0,6500.0,HR
Hiroshi Santos,0.0,5300.0,DEVOPS
Sophie Ito,0.0,4900.0,FINANCE
Zara Patel,0.0,6700.0,HR
Rohan Khan,0.0,5200.0,DEVOPS
Mila Nguyen,0.0,4800.0,FINANCE
Liam Ali,0.0,7200.0,HR
Hiroshi Kim,0.0,5500.0,DEVOPS
Sofia Yamamoto,0.0,4100.0,FINANCE
Santiago Rahman,0.0,6900.0,HR
Aisha Gupta,0.0,5400.0,DEVOPS
Muhammad Lopez,0.0,4900.0,FINANCE
Nina Chen,0.0,6500.0,HR
Aliyah Ali,0.0,5300.0,DEVOPS
Kai Nguyen,0.0,4600.0,FINANCE
Aiden Khan,0.0,6700.0,HR
Sakura Patel,0.0,5200.0,DEVOPS
Javier Kim,0.0,5000.0,FINANCE
Amara Nguyen,0.0,6400.0,HR
Hiroshi Ali,0.0,5700.0,DEVOPS
Sophie Chen,0.0,4500.0,FINANCE
Santiago Singh,0.0,6800.0,HR
Aisha Gupta,0.0,5500.0,DEVOPS
Muhammad Khan,0.0,4800.0,FINANCE
Nina Morales,0.0,6300.0,HR
Aliyah Lopez,0.0,6700.0,DEVOPS
Kai Hernandez,0.0,4300.0,FINANCE
Aiden Silva,0.0,6500.0,HR
Sakura Tanaka,0.0,5600.0,DEVOPS
Javier Bouchard,0.0,5200.0,FINANCE
Amara Patel,0.0,6900.0,HR
Hiroshi Silva,0.0,5500.0,DEVOPS
Sophie Hernandez,0.0,5000.0,FINANCE
Santiago Costa,0.0,6800.0,HR
Aisha Nguyen,0.0,5700.0,DEVOPS
Muhammad Ali,0.0,4600.0,FINANCE
Nina Singh,0.0,6100.0,HR
Aliyah Yamamoto,0.0,6700.0,DEVOPS
Kai Gonzalez,0.0,4800.0,FINANCE
Aiden Kim,0.0,6900.0,HR
Sakura Lefebvre,0.0,5600.0,DEVOPS
Javier Goto,0.0,4700.0,FINANCE
Amara Tremblay,0.0,6500.0,HR
Hiroshi Santos,0.0,5300.0,DEVOPS
Sophie Ito,0.0,4900.0,FINANCE